[300.         450.           0.           4.71238898   0.        ],"tensor([0., 0., 0., 0., 0.])",-1.1143175084352706,False,False
[300.         450.           0.           4.71238898   0.        ],"tensor([0., 0., 0., 0., 0.])",-1.1143175084352706,False,False
[300.         450.           0.           4.71238898   0.        ],"tensor([0., 0., 0., 0., 0.])",-1.1143175084352706,False,False
[300.         450.           0.           4.71238898   0.        ],"tensor([0., 0., 0., 0., 0.])",-1.1143175084352706,False,False
[300.         450.           0.           4.71238898   0.        ],"tensor([0., 0., 0., 0., 0.])",-1.1143175084352706,False,False
[300.         450.           0.           4.71238898   0.        ],"tensor([0., 0., 0., 0., 0.])",-1.1143175084352706,False,False
[300.         450.           0.           4.71238898   0.        ],"tensor([0., 0., 0., 0., 0.])",-1.1143175084352706,False,False
[300.         450.           0.           4.71238898   0.        ],"tensor([0., 0., 0., 0., 0.])",-1.1143175084352706,False,False
[300.         450.           0.           4.71238898   0.        ],"tensor([0., 0., 0., 0., 0.])",-1.1143175084352706,False,False
[300.         450.           0.           4.71238898   0.        ],"tensor([0., 0., 0., 0., 0.])",-1.1143175084352706,False,False
[300.         450.           0.           4.71238898   0.        ],"tensor([0., 0., 0., 0., 0.])",-1.1143175084352706,False,False
[300.         450.           0.           4.71238898   0.        ],"tensor([0., 0., 0., 0., 0.])",-1.1143175084352706,False,False
[300.         450.           0.           4.71238898   0.        ],"tensor([0., 0., 0., 0., 0.])",-1.1143175084352706,False,False
[300.         450.           0.           4.71238898   0.        ],"tensor([0., 0., 0., 0., 0.])",-1.1143175084352706,False,False
[300.         450.           0.           4.71238898   0.        ],"tensor([0., 0., 0., 0., 0.])",-1.1143175084352706,False,False
[300.         450.           0.           4.71238898   0.        ],"tensor([0., 0., 0., 0., 0.])",-1.1143175084352706,False,False
[300.         450.           0.           4.71238898   0.        ],"tensor([0., 0., 0., 0., 0.])",-1.1143175084352706,False,False
[300.         450.           0.           4.71238898   0.        ],"tensor([0., 0., 0., 0., 0.])",-1.1143175084352706,False,False
[300.         450.           0.           4.71238898   0.        ],"tensor([0., 0., 0., 0., 0.])",-1.1143175084352706,False,False
[300.         450.           0.           4.71238898   0.        ],"tensor([0., 0., 0., 0., 0.])",-1.1143175084352706,False,False
[300.         450.           0.           4.71238898   0.        ],"tensor([0., 0., 0., 0., 0.])",-1.1143175084352706,False,False
[300.         450.           0.           4.71238898   0.        ],"tensor([0., 0., 0., 0., 0.])",-1.1143175084352706,False,False
[300.         450.           0.           4.71238898   0.        ],"tensor([0., 0., 0., 0., 0.])",-1.1143175084352706,False,False
[300.         450.           0.           4.71238898   0.        ],"tensor([0., 0., 0., 0., 0.])",-1.1143175084352706,False,False
[300.         450.           0.           4.71238898   0.        ],"tensor([0., 0., 0., 0., 0.])",-1.1143175084352706,False,False
[300.         450.           0.           4.71238898   0.        ],"tensor([0., 0., 0., 0., 0.])",-1.1143175084352706,False,False
[300.         450.           0.           4.71238898   0.        ],"tensor([0., 0., 0., 0., 0.])",-1.1143175084352706,False,False
[300.         450.           0.           4.71238898   0.        ],"tensor([0., 0., 0., 0., 0.])",-1.1143175084352706,False,False
[300.         450.           0.           4.71238898   0.        ],"tensor([0., 0., 0., 0., 0.])",-1.1143175084352706,False,False
[300.         450.           0.           4.71238898   0.        ],"tensor([0., 0., 0., 0., 0.])",-1.1143175084352706,False,False
[300.         450.           0.           4.71238898   0.        ],"tensor([0., 0., 0., 0., 0.])",-1.1143175084352706,False,False
[300.         450.           0.           4.71238898   0.        ],"tensor([0., 0., 0., 0., 0.])",-1.1143175084352706,False,False
[300.         450.           0.           4.71238898   0.        ],"tensor([0., 0., 0., 0., 0.])",-1.1143175084352706,False,False
[300.         450.           0.           4.71238898   0.        ],"tensor([0., 0., 0., 0., 0.])",-1.1143175084352706,False,False
[300.         450.           0.           4.71238898   0.        ],"tensor([0., 0., 0., 0., 0.])",-1.1143175084352706,False,False
[300.         450.           0.           4.71238898   0.        ],"tensor([0., 0., 0., 0., 0.])",-1.1143175084352706,False,False
[300.         450.           0.           4.71238898   0.        ],"tensor([0., 0., 0., 0., 0.])",-1.1143175084352706,False,False
[300.         450.           0.           4.71238898   0.        ],"tensor([0., 0., 0., 0., 0.])",-1.1143175084352706,False,False
[300.         450.           0.           4.71238898   0.        ],"tensor([0., 0., 0., 0., 0.])",-1.1143175084352706,False,False
[300.         450.           0.           4.71238898   0.        ],"tensor([0., 0., 0., 0., 0.])",-1.1143175084352706,False,False
[300.         450.           0.           4.71238898   0.        ],"tensor([0., 0., 0., 0., 0.])",-1.1143175084352706,False,False
[300.         450.           0.           4.71238898   0.        ],"tensor([0., 0., 0., 0., 0.])",-1.1143175084352706,False,False
[300.         450.           0.           4.71238898   0.        ],"tensor([0., 0., 0., 0., 0.])",-1.1143175084352706,False,False
[300.         450.           0.           4.71238898   0.        ],"tensor([0., 0., 0., 0., 0.])",-1.1143175084352706,False,False
[300.         450.           0.           4.71238898   0.        ],"tensor([0., 0., 0., 0., 0.])",-1.1143175084352706,False,False
[300.         450.           0.           4.71238898   0.        ],"tensor([0., 0., 0., 0., 0.])",-1.1143175084352706,False,False
[300.         450.           0.           4.71238898   0.        ],"tensor([0., 0., 0., 0., 0.])",-1.1143175084352706,False,False
[300.         450.           0.           4.71238898   0.        ],"tensor([0., 0., 0., 0., 0.])",-1.1143175084352706,False,False
[300.         450.           0.           4.71238898   0.        ],"tensor([0., 0., 0., 0., 0.])",-1.1143175084352706,False,False
[300.         450.           0.           4.71238898   0.        ],"tensor([0., 0., 0., 0., 0.])",-1.1143175084352706,False,False
[300.         450.           0.           4.71238898   0.        ],"tensor([0., 0., 0., 0., 0.])",-1.1143175084352706,False,False
[300.         450.           0.           4.71238898   0.        ],"tensor([0., 0., 0., 0., 0.])",-1.1143175084352706,False,False
[300.         450.           0.           4.71238898   0.        ],"tensor([0., 0., 0., 0., 0.])",-1.1143175084352706,False,False
[300.         450.           0.           4.71238898   0.        ],"tensor([0., 0., 0., 0., 0.])",-1.1143175084352706,False,False
[300.         450.           0.           4.71238898   0.        ],"tensor([0., 0., 0., 0., 0.])",-1.1143175084352706,False,False
[300.         450.           0.           4.71238898   0.        ],"tensor([0., 0., 0., 0., 0.])",-1.1143175084352706,False,False
[300.         450.           0.           4.71238898   0.        ],"tensor([0., 0., 0., 0., 0.])",-1.1143175084352706,False,False
[300.         450.           0.           4.71238898   0.        ],"tensor([0., 0., 0., 0., 0.])",-1.1143175084352848,False,False
[300.         450.           0.           4.71238898   0.        ],"tensor([0., 0., 0., 0., 0.])",-1.1143175084352777,False,False
[300.         450.           0.           4.71238898   0.        ],"tensor([0., 0., 0., 0., 0.])",-1.1143175084352777,False,False
[300.         450.           0.           4.71238898   0.        ],"tensor([0., 0., 0., 0., 0.])",-1.1143175084352777,False,False
[300.         450.           0.           4.71238898   0.        ],"tensor([0., 0., 0., 0., 0.])",-1.1143175084352777,False,False
[300.         450.           0.           4.71238898   0.        ],"tensor([0., 0., 0., 0., 0.])",-1.1143175084352777,False,False
[300.         450.           0.           4.71238898   0.        ],"tensor([0., 0., 0., 0., 0.])",-1.1143175084352777,False,False
[300.         450.           0.           4.71238898   0.        ],"tensor([0., 0., 0., 0., 0.])",-1.1143175084352777,False,False
[300.         450.           0.           4.71238898   0.        ],"tensor([0., 0., 0., 0., 0.])",-1.1143175084352777,False,False
[300.         450.           0.           4.71238898   0.        ],"tensor([0., 0., 0., 0., 0.])",-1.1143175084352777,False,False
[300.         450.           0.           4.71238898   0.        ],"tensor([0., 0., 0., 0., 0.])",-1.1143175084352777,False,False
[300.         450.           0.           4.71238898   0.        ],"tensor([0., 0., 0., 0., 0.])",-1.1143175084352777,False,False
[300.         450.           0.           4.71238898   0.        ],"tensor([0., 0., 0., 0., 0.])",-1.1143175084352777,False,False
[300.         450.           0.           4.71238898   0.        ],"tensor([0., 0., 0., 0., 0.])",-1.1143175084352777,False,False
[300.         450.           0.           4.71238898   0.        ],"tensor([0., 0., 0., 0., 0.])",-1.1143175084352777,False,False
[300.         450.           0.           4.71238898   0.        ],"tensor([0., 0., 0., 0., 0.])",-1.1143175084352777,False,False
[300.         450.           0.           4.71238898   0.        ],"tensor([0., 0., 0., 0., 0.])",-1.1143175084352777,False,False
[300.         450.           0.           4.71238898   0.        ],"tensor([0., 0., 0., 0., 0.])",-1.1143175084352777,False,False
[300.         450.           0.           4.71238898   0.        ],"tensor([0., 0., 0., 0., 0.])",-1.1143175084352777,False,False
[300.         450.           0.           4.71238898   0.        ],"tensor([0., 0., 0., 0., 0.])",-1.1143175084352777,False,False
[300.         450.           0.           4.71238898   0.        ],"tensor([0., 0., 0., 0., 0.])",-1.1143175084352777,False,False
[300.         450.           0.           4.71238898   0.        ],"tensor([0., 0., 0., 0., 0.])",-1.1143175084352777,False,False
[300.         450.           0.           4.71238898   0.        ],"tensor([0., 0., 0., 0., 0.])",-1.1143175084352777,False,False
[300.         450.           0.           4.71238898   0.        ],"tensor([0., 0., 0., 0., 0.])",-1.1143175084352777,False,False
[300.         450.           0.           4.71238898   0.        ],"tensor([0., 0., 0., 0., 0.])",-1.1143175084352777,False,False
[300.         450.           0.           4.71238898   0.        ],"tensor([0., 0., 0., 0., 0.])",-1.1143175084352777,False,False
[300.         450.           0.           4.71238898   0.        ],"tensor([0., 0., 0., 0., 0.])",-1.1143175084352777,False,False
[300.         450.           0.           4.71238898   0.        ],"tensor([0., 0., 0., 0., 0.])",-1.1143175084352777,False,False
[300.         450.           0.           4.71238898   0.        ],"tensor([0., 0., 0., 0., 0.])",-1.1143175084352777,False,False
[300.         450.           0.           4.71238898   0.        ],"tensor([0., 0., 0., 0., 0.])",-1.1143175084352777,False,False
[300.         450.           0.           4.71238898   0.        ],"tensor([0., 0., 0., 0., 0.])",-1.1143175084352777,False,False
[300.         450.           0.           4.71238898   0.        ],"tensor([0., 0., 0., 0., 0.])",-1.1143175084352777,False,False
[300.         450.           0.           4.71238898   0.        ],"tensor([0., 0., 0., 0., 0.])",-1.1143175084352777,False,False
[300.         450.           0.           4.71238898   0.        ],"tensor([0., 0., 0., 0., 0.])",-1.1143175084352777,False,False
[300.         450.           0.           4.71238898   0.        ],"tensor([0., 0., 0., 0., 0.])",-1.1143175084352777,False,False
[300.         450.           0.           4.71238898   0.        ],"tensor([0., 0., 0., 0., 0.])",-1.1143175084352777,False,False
[300.         450.           0.           4.71238898   0.        ],"tensor([0., 0., 0., 0., 0.])",-1.1143175084352777,False,False
[300.         450.           0.           4.71238898   0.        ],"tensor([0., 0., 0., 0., 0.])",-1.1143175084352777,False,False
[300.         450.           0.           4.71238898   0.        ],"tensor([0., 0., 0., 0., 0.])",-1.1143175084352777,False,False
[300.         450.           0.           4.71238898   0.        ],"tensor([0., 0., 0., 0., 0.])",-1.1143175084352777,False,False
[300.         450.           0.           4.71238898   0.        ],"tensor([0., 0., 0., 0., 0.])",-1.1143175084352777,False,False
[300.         450.           0.           4.71238898   0.        ],"tensor([0., 0., 0., 0., 0.])",-1.1143175084352777,False,False
[300.         450.           0.           4.71238898   0.        ],"tensor([0., 0., 0., 0., 0.])",-1.1143175084352777,False,False
[300.         450.           0.           4.71238898   0.        ],"tensor([0., 0., 0., 0., 0.])",-1.1143175084352777,False,False
[300.         450.           0.           4.71238898   0.        ],"tensor([0., 0., 0., 0., 0.])",-1.1143175084352777,False,False
[300.         450.           0.           4.71238898   0.        ],"tensor([0., 0., 0., 0., 0.])",-1.1143175084352777,False,False
[300.         450.           0.           4.71238898   0.        ],"tensor([0., 0., 0., 0., 0.])",-1.1143175084352777,False,False
[300.         450.           0.           4.71238898   0.        ],"tensor([0., 0., 0., 0., 0.])",-1.1143175084352777,False,False
[300.         450.           0.           4.71238898   0.        ],"tensor([0., 0., 0., 0., 0.])",-1.1143175084352777,False,False
[300.         450.           0.           4.71238898   0.        ],"tensor([0., 0., 0., 0., 0.])",-1.1143175084352777,False,False
[300.         450.           0.           4.71238898   0.        ],"tensor([0., 0., 0., 0., 0.])",-1.1143175084352777,False,False
[300.         450.           0.           4.71238898   0.        ],"tensor([0., 0., 0., 0., 0.])",-1.1143175084352777,False,False
[300.         450.           0.           4.71238898   0.        ],"tensor([0., 0., 0., 0., 0.])",-1.1143175084352777,False,False
[300.         450.           0.           4.71238898   0.        ],"tensor([0., 0., 0., 0., 0.])",-1.1143175084352777,False,False
[300.         450.           0.           4.71238898   0.        ],"tensor([0., 0., 0., 0., 0.])",-1.1143175084352777,False,False
[300.         450.           0.           4.71238898   0.        ],"tensor([0., 0., 0., 0., 0.])",-1.1143175084352777,False,False
[300.         450.           0.           4.71238898   0.        ],"tensor([0., 0., 0., 0., 0.])",-1.1143175084352777,False,False
[300.         450.           0.           4.71238898   0.        ],"tensor([0., 0., 0., 0., 0.])",-1.1143175084352777,False,False
"[ 3.00000000e+02  4.50000000e+02  0.00000000e+00  4.70670898e+00
 -9.46666667e-03]","tensor([0., 0., 1., 0., 0.])",-1.1143175084352777,False,False
"[ 3.00000000e+02  4.50000000e+02  0.00000000e+00  4.69913565e+00
 -1.26222222e-02]","tensor([0., 0., 1., 0., 0.])",-1.1143175084352777,False,False
"[ 3.00000000e+02  4.50000000e+02  0.00000000e+00  4.69093120e+00
 -1.36740741e-02]","tensor([0., 0., 1., 0., 0.])",-1.1143175084352777,False,False
"[ 3.00000000e+02  4.50000000e+02  0.00000000e+00  4.68251639e+00
 -1.40246914e-02]","tensor([0., 0., 1., 0., 0.])",-1.1143175084352777,False,False
"[ 3.00000000e+02  4.50000000e+02  0.00000000e+00  4.67403145e+00
 -1.41415638e-02]","tensor([0., 0., 1., 0., 0.])",-1.1143175084352777,False,False
"[ 3.00000000e+02  4.50000000e+02  0.00000000e+00  4.66552314e+00
 -1.41805213e-02]","tensor([0., 0., 1., 0., 0.])",-1.1143175084352777,False,False
"[ 3.00000000e+02  4.50000000e+02  0.00000000e+00  4.65700703e+00
 -1.41935071e-02]","tensor([0., 0., 1., 0., 0.])",-1.1143175084352777,False,False
"[ 3.00000000e+02  4.50000000e+02  0.00000000e+00  4.64848833e+00
 -1.41978357e-02]","tensor([0., 0., 1., 0., 0.])",-1.1143175084352777,False,False
"[ 3.00066531e+02  4.49995743e+02  3.98009950e+00  4.63996876e+00
 -1.41992786e-02]","tensor([0., 0., 1., 1., 0.])",-1.1077013802643876,False,False
"[ 3.00199184e+02  4.49986119e+02  7.94039751e+00  4.63144891e+00
 -1.41997595e-02]","tensor([0., 0., 1., 1., 0.])",-1.0945031779317844,False,False
"[ 3.00397539e+02  4.49970029e+02  1.18809926e+01  4.62292896e+00
 -1.41999198e-02]","tensor([0., 0., 1., 1., 0.])",-1.0747517747605002,False,False
"[ 3.00661164e+02  4.49946382e+02  1.58019826e+01  4.61440897e+00
 -1.41999733e-02]","tensor([0., 0., 1., 1., 0.])",-1.0484710023712012,False,False
"[ 3.00989614e+02  4.49914097e+02  1.97034653e+01  4.60588898e+00
 -1.41999911e-02]","tensor([0., 0., 1., 1., 0.])",-1.0156797915136906,False,False
"[ 3.01382433e+02  4.49872103e+02  2.35855376e+01  4.59736898e+00
 -1.41999970e-02]","tensor([0., 0., 1., 1., 0.])",-0.976392315276911,False,False
"[ 3.01772928e+02  4.49826989e+02  2.34681966e+01  4.58884898e+00
 -1.41999990e-02]","tensor([0., 0., 1., 1., 0.])",-0.9372619457708709,False,False
"[ 3.02161084e+02  4.49778791e+02  2.33514394e+01  4.58032898e+00
 -1.41999997e-02]","tensor([0., 0., 1., 1., 0.])",-0.8982916075167964,False,False
"[ 3.02546886e+02  4.49727544e+02  2.32352631e+01  4.57180898e+00
 -1.41999999e-02]","tensor([0., 0., 1., 1., 0.])",-0.8594842100420976,False,False
"[ 3.02930320e+02  4.49673283e+02  2.31196648e+01  4.56328898e+00
 -1.42000000e-02]","tensor([0., 0., 1., 1., 0.])",-0.8208426472281758,False,False
"[ 3.03311372e+02  4.49616043e+02  2.30046416e+01  4.55476898e+00
 -1.42000000e-02]","tensor([0., 0., 1., 1., 0.])",-0.7823697966560132,False,False
"[ 3.03690030e+02  4.49555860e+02  2.28901906e+01  4.54624898e+00
 -1.42000000e-02]","tensor([0., 0., 1., 1., 0.])",-0.7440685189505984,False,False
"[ 3.04066280e+02  4.49492768e+02  2.27763091e+01  4.53772898e+00
 -1.42000000e-02]","tensor([0., 0., 1., 1., 0.])",-0.7059416571242707,False,False
"[ 3.04440110e+02  4.49426803e+02  2.26629941e+01  4.52920898e+00
 -1.42000000e-02]","tensor([0., 0., 1., 1., 0.])",-0.6679920359201503,False,False
"[ 3.04811507e+02  4.49357999e+02  2.25502429e+01  4.52068898e+00
 -1.42000000e-02]","tensor([0., 0., 1., 1., 0.])",-0.6302224611554834,False,False
"[ 3.05180460e+02  4.49286391e+02  2.24380526e+01  4.51216898e+00
 -1.42000000e-02]","tensor([0., 0., 1., 1., 0.])",-0.5926357190651856,False,False
"[ 3.05546956e+02  4.49212015e+02  2.23264205e+01  4.50364898e+00
 -1.42000000e-02]","tensor([0., 0., 1., 1., 0.])",-0.5552345756462955,False,False
"[ 3.05910986e+02  4.49134904e+02  2.22153438e+01  4.49512898e+00
 -1.42000000e-02]","tensor([0., 0., 1., 1., 0.])",-0.5180217760033372,False,False
"[ 3.06272538e+02  4.49055094e+02  2.21048197e+01  4.48660898e+00
 -1.42000000e-02]","tensor([0., 0., 1., 1., 0.])",-0.48100004369504745,False,False
"[ 3.06631601e+02  4.48972618e+02  2.19948455e+01  4.47808898e+00
 -1.42000000e-02]","tensor([0., 0., 1., 1., 0.])",-0.44417208008266584,False,False
"[ 3.07053011e+02  4.48872034e+02  2.58655179e+01  4.46956898e+00
 -1.42000000e-02]","tensor([0., 0., 1., 1., 0.])",-0.40087214550590033,False,False
"[ 3.07471456e+02  4.48768382e+02  2.57368337e+01  4.46104898e+00
 -1.42000000e-02]","tensor([0., 0., 1., 1., 0.])",-0.3577945867456833,False,False
"[ 3.07886926e+02  4.48661702e+02  2.56087898e+01  4.45252898e+00
 -1.42000000e-02]","tensor([0., 0., 1., 1., 0.])",-0.3149428586644376,False,False
"[ 3.08299409e+02  4.48552035e+02  2.54813829e+01  4.44400898e+00
 -1.42000000e-02]","tensor([0., 0., 1., 1., 0.])",-0.2723203914914336,False,False
"[ 3.08708896e+02  4.48439420e+02  2.53546098e+01  4.43548898e+00
 -1.42000000e-02]","tensor([0., 0., 1., 1., 0.])",-0.22993058988424764,False,False
"[ 3.09115376e+02  4.48323898e+02  2.52284675e+01  4.42696898e+00
 -1.42000000e-02]","tensor([0., 0., 1., 1., 0.])",-0.18777683199087392,False,False
"[ 3.09518839e+02  4.48205509e+02  2.51029527e+01  4.41844898e+00
 -1.42000000e-02]","tensor([0., 0., 1., 1., 0.])",-0.1458624685132861,False,False
"[ 3.09919277e+02  4.48084293e+02  2.49780624e+01  4.40992898e+00
 -1.42000000e-02]","tensor([0., 0., 1., 1., 0.])",-0.10419082177267569,False,False
"[ 3.10316681e+02  4.47960289e+02  2.48537934e+01  4.40140898e+00
 -1.42000000e-02]","tensor([0., 0., 1., 1., 0.])",-0.06276518477696413,False,False
"[ 3.10711042e+02  4.47833538e+02  2.47301427e+01  4.39288898e+00
 -1.42000000e-02]","tensor([0., 0., 1., 1., 0.])",-0.02158882029129927,False,False
"[ 3.11102352e+02  4.47704080e+02  2.46071072e+01  4.38436898e+00
 -1.42000000e-02]","tensor([0., 0., 1., 1., 0.])",0.0193350400880945,False,False
"[ 3.11490604e+02  4.47571952e+02  2.44846838e+01  4.37584898e+00
 -1.42000000e-02]","tensor([0., 0., 1., 1., 0.])",0.060003196856229124,False,False
"[ 3.11875790e+02  4.47437195e+02  2.43628694e+01  4.36732898e+00
 -1.42000000e-02]","tensor([0., 0., 1., 1., 0.])",0.10041248351697618,False,False
"[ 3.12257903e+02  4.47299848e+02  2.42416611e+01  4.35880898e+00
 -1.42000000e-02]","tensor([0., 0., 1., 1., 0.])",0.14055976749602905,False,False
"[ 3.12636937e+02  4.47159950e+02  2.41210558e+01  4.35028898e+00
 -1.42000000e-02]","tensor([0., 0., 1., 1., 0.])",0.1804419510477544,False,False
"[ 3.13012886e+02  4.47017540e+02  2.40010506e+01  4.34176898e+00
 -1.42000000e-02]","tensor([0., 0., 1., 1., 0.])",0.22005597215655825,False,False
"[ 3.13385744e+02  4.46872656e+02  2.38816424e+01  4.33324898e+00
 -1.42000000e-02]","tensor([0., 0., 1., 1., 0.])",0.25939880543086247,False,False
"[ 3.13755505e+02  4.46725338e+02  2.37628282e+01  4.32472898e+00
 -1.42000000e-02]","tensor([0., 0., 1., 1., 0.])",0.29846746299051574,False,False
"[ 3.14122163e+02  4.46575623e+02  2.36446052e+01  4.31620898e+00
 -1.42000000e-02]","tensor([0., 0., 1., 1., 0.])",0.33725899534579185,False,False
"[ 3.14485716e+02  4.46423550e+02  2.35269704e+01  4.30768898e+00
 -1.42000000e-02]","tensor([0., 0., 1., 1., 0.])",0.37577049226842973,False,False
"[ 3.14846157e+02  4.46269157e+02  2.34099208e+01  4.29916898e+00
 -1.42000000e-02]","tensor([0., 0., 1., 1., 0.])",0.41399908365343663,False,False
"[ 3.15203483e+02  4.46112482e+02  2.32934535e+01  4.29064898e+00
 -1.42000000e-02]","tensor([0., 0., 1., 1., 0.])",0.45194194037171087,False,False
"[ 3.15557690e+02  4.45953563e+02  2.31775657e+01  4.28212898e+00
 -1.42000000e-02]","tensor([0., 0., 1., 1., 0.])",0.489596275112234,False,False
"[ 3.15908775e+02  4.45792437e+02  2.30622544e+01  4.27360898e+00
 -1.42000000e-02]","tensor([0., 0., 1., 1., 0.])",0.5269593432138606,False,False
"[ 3.16256735e+02  4.45629143e+02  2.29475168e+01  4.26508898e+00
 -1.42000000e-02]","tensor([0., 0., 1., 1., 0.])",0.5640284434859382,False,False
"[ 3.16601567e+02  4.45463717e+02  2.28333501e+01  4.25656898e+00
 -1.42000000e-02]","tensor([0., 0., 1., 1., 0.])",0.6008009190170753,False,False
"[ 3.16943268e+02  4.45296197e+02  2.27197513e+01  4.24804898e+00
 -1.42000000e-02]","tensor([0., 0., 1., 1., 0.])",0.6372741579716603,False,False
"[ 3.17281837e+02  4.45126619e+02  2.26067177e+01  4.23952898e+00
 -1.42000000e-02]","tensor([0., 0., 1., 1., 0.])",0.6734455943735611,False,False
"[ 3.17617271e+02  4.44955021e+02  2.24942465e+01  4.23100898e+00
 -1.42000000e-02]","tensor([0., 0., 1., 1., 0.])",0.7093127088763254,False,False
"[ 3.17949570e+02  4.44781440e+02  2.23823348e+01  4.22248898e+00
 -1.42000000e-02]","tensor([0., 0., 1., 1., 0.])",0.7448730295197947,False,False
"[ 3.18278732e+02  4.44605911e+02  2.22709799e+01  4.21396898e+00
 -1.42000000e-02]","tensor([0., 0., 1., 1., 0.])",0.7801241324716557,False,False
"[ 3.18604757e+02  4.44428471e+02  2.21601790e+01  4.20544898e+00
 -1.42000000e-02]","tensor([0., 0., 1., 1., 0.])",0.8150636427546658,False,False
"[ 3.18927643e+02  4.44249157e+02  2.20499294e+01  4.19692898e+00
 -1.42000000e-02]","tensor([0., 0., 1., 1., 0.])",0.8496892349579355,False,False
"[ 3.19247391e+02  4.44068004e+02  2.19402282e+01  4.18840898e+00
 -1.42000000e-02]","tensor([0., 0., 1., 1., 0.])",0.8839986339323502,False,False
"[ 3.19621724e+02  4.43851692e+02  2.58111724e+01  4.17988898e+00
 -1.42000000e-02]","tensor([0., 0., 1., 1., 0.])",0.9241898993057873,False,False
"[ 3.19992347e+02  4.43633292e+02  2.56827586e+01  4.17136898e+00
 -1.42000000e-02]","tensor([0., 0., 1., 1., 0.])",0.9640083033585825,False,False
"[ 3.20359261e+02  4.43412843e+02  2.55549837e+01  4.16284898e+00
 -1.42000000e-02]","tensor([0., 0., 1., 1., 0.])",1.0034507991163082,False,False
"[ 3.20722467e+02  4.43190389e+02  2.54278444e+01  4.15432898e+00
 -1.42000000e-02]","tensor([0., 0., 1., 1., 0.])",1.0425144039385827,False,False
"[ 3.21081968e+02  4.42965971e+02  2.53013377e+01  4.14580898e+00
 -1.42000000e-02]","tensor([0., 0., 1., 1., 0.])",1.081196200576187,False,False
"[ 3.21437764e+02  4.42739630e+02  2.51754604e+01  4.13728898e+00
 -1.42000000e-02]","tensor([0., 0., 1., 1., 0.])",1.1194933382046486,False,False
"[ 3.21789859e+02  4.42511406e+02  2.50502094e+01  4.12876898e+00
 -1.42000000e-02]","tensor([0., 0., 1., 1., 0.])",1.15740303343361,False,False
"[ 3.22138255e+02  4.42281342e+02  2.49255815e+01  4.12024898e+00
 -1.42000000e-02]","tensor([0., 0., 1., 1., 0.])",1.194922571290732,False,False
"[ 3.22482954e+02  4.42049476e+02  2.48015736e+01  4.11172898e+00
 -1.42000000e-02]","tensor([0., 0., 1., 1., 0.])",1.2320493061797322,False,False
"[ 3.22823960e+02  4.41815851e+02  2.46781827e+01  4.10320898e+00
 -1.42000000e-02]","tensor([0., 0., 1., 1., 0.])",1.268780662811423,False,False
"[ 3.23161277e+02  4.41580505e+02  2.45554057e+01  4.09468898e+00
 -1.42000000e-02]","tensor([0., 0., 1., 1., 0.])",1.3051141371071253,False,False
"[ 3.23494908e+02  4.41343480e+02  2.44332395e+01  4.08616898e+00
 -1.42000000e-02]","tensor([0., 0., 1., 1., 0.])",1.3410472970737146,False,False
"[ 3.23824858e+02  4.41104813e+02  2.43116811e+01  4.07764898e+00
 -1.42000000e-02]","tensor([0., 0., 1., 1., 0.])",1.3765777836491395,False,False
"[ 3.24151131e+02  4.40864546e+02  2.41907274e+01  4.06912898e+00
 -1.42000000e-02]","tensor([0., 0., 1., 1., 0.])",1.4117033115185222,False,False
"[ 3.24473733e+02  4.40622716e+02  2.40703756e+01  4.06060898e+00
 -1.42000000e-02]","tensor([0., 0., 1., 1., 0.])",1.4464216698990242,False,False
"[ 3.24792667e+02  4.40379364e+02  2.39506224e+01  4.05208898e+00
 -1.42000000e-02]","tensor([0., 0., 1., 1., 0.])",1.4807307232938172,False,False
"[ 3.25107941e+02  4.40134527e+02  2.38314651e+01  4.04356898e+00
 -1.42000000e-02]","tensor([0., 0., 1., 1., 0.])",1.5146284122136535,False,False
"[ 3.25419559e+02  4.39888244e+02  2.37129006e+01  4.03504898e+00
 -1.42000000e-02]","tensor([0., 0., 1., 1., 0.])",1.5481127538660928,False,False
"[ 3.25727527e+02  4.39640554e+02  2.35949260e+01  4.02652898e+00
 -1.42000000e-02]","tensor([0., 0., 1., 1., 0.])",1.5811818428112474,False,False
"[ 3.26031852e+02  4.39391494e+02  2.34775383e+01  4.01800898e+00
 -1.42000000e-02]","tensor([0., 0., 1., 1., 0.])",1.6138338515835784,False,False
"[ 3.26332541e+02  4.39141103e+02  2.33607346e+01  4.00948898e+00
 -1.42000000e-02]","tensor([0., 0., 1., 1., 0.])",1.6460670312796282,False,False
"[ 3.26629600e+02  4.38889417e+02  2.32445121e+01  4.00096898e+00
 -1.42000000e-02]","tensor([0., 0., 1., 1., 0.])",1.677879712110311,False,False
"[ 3.26923037e+02  4.38636474e+02  2.31288677e+01  3.99244898e+00
 -1.42000000e-02]","tensor([0., 0., 1., 1., 0.])",1.7092703039181458,False,False
"[ 3.27212859e+02  4.38382311e+02  2.30137987e+01  3.98392898e+00
 -1.42000000e-02]","tensor([0., 0., 1., 1., 0.])",1.740237296658222,False,False
"[ 3.27499075e+02  4.38126965e+02  2.28993022e+01  3.97540898e+00
 -1.42000000e-02]","tensor([0., 0., 1., 1., 0.])",1.770779260843085,False,False
"[ 3.27781691e+02  4.37870472e+02  2.27853753e+01  3.96688898e+00
 -1.42000000e-02]","tensor([0., 0., 1., 1., 0.])",1.8008948479506444,False,False
"[ 3.28060716e+02  4.37612868e+02  2.26720153e+01  3.95836898e+00
 -1.42000000e-02]","tensor([0., 0., 1., 1., 0.])",1.8305827907950203,False,False
"[ 3.28336159e+02  4.37354190e+02  2.25592192e+01  3.94984898e+00
 -1.42000000e-02]","tensor([0., 0., 1., 1., 0.])",1.8598419038598593,False,False
"[ 3.28608030e+02  4.37094473e+02  2.24469842e+01  3.94132898e+00
 -1.42000000e-02]","tensor([0., 0., 1., 1., 0.])",1.8886710835939482,False,False
"[ 3.28876336e+02  4.36833753e+02  2.23353077e+01  3.93280898e+00
 -1.42000000e-02]","tensor([0., 0., 1., 1., 0.])",1.9170693086686583,False,False
"[ 3.29141087e+02  4.36572065e+02  2.22241868e+01  3.92428898e+00
 -1.42000000e-02]","tensor([0., 0., 1., 1., 0.])",1.9450356401971476,False,False
"[ 3.29402293e+02  4.36309444e+02  2.21136187e+01  3.91576898e+00
 -1.42000000e-02]","tensor([0., 0., 1., 1., 0.])",1.9725692219151654,False,False
"[ 3.29659963e+02  4.36045924e+02  2.20036007e+01  3.90724898e+00
 -1.42000000e-02]","tensor([0., 0., 1., 1., 0.])",1.999669280323019,False,False
"[ 3.29914109e+02  4.35781541e+02  2.18941300e+01  3.89872898e+00
 -1.42000000e-02]","tensor([0., 0., 1., 1., 0.])",2.026335124789,False,False
"[ 3.30210529e+02  4.35467874e+02  2.57653035e+01  3.89020898e+00
 -1.42000000e-02]","tensor([0., 0., 1., 1., 0.])",2.0573558400442664,False,False
"[ 3.30502804e+02  4.35153266e+02  2.56371179e+01  3.88168898e+00
 -1.42000000e-02]","tensor([0., 0., 1., 1., 0.])",2.087856022412012,False,False
"[ 3.30790948e+02  4.34837757e+02  2.55095701e+01  3.87316898e+00
 -1.42000000e-02]","tensor([0., 0., 1., 1., 0.])",2.117834624194984,False,False
"[ 3.31074973e+02  4.34521387e+02  2.53826568e+01  3.86464898e+00
 -1.42000000e-02]","tensor([0., 0., 1., 1., 0.])",2.147290709520661,False,False
"[ 3.31354892e+02  4.34204193e+02  2.52563749e+01  3.85612898e+00
 -1.42000000e-02]","tensor([0., 0., 1., 1., 0.])",2.1762234545140586,False,False
"[ 3.31630720e+02  4.33886217e+02  2.51307213e+01  3.84760898e+00
 -1.42000000e-02]","tensor([0., 0., 1., 1., 0.])",2.204632147409882,False,False
"[ 3.31902470e+02  4.33567495e+02  2.50056928e+01  3.83908898e+00
 -1.42000000e-02]","tensor([0., 0., 1., 1., 0.])",2.2325161886038245,False,False
"[ 3.32170157e+02  4.33248067e+02  2.48812864e+01  3.83056898e+00
 -1.42000000e-02]","tensor([0., 0., 1., 1., 0.])",2.2598750906432628,False,False
"[ 3.32433793e+02  4.32927971e+02  2.47574989e+01  3.82204898e+00
 -1.42000000e-02]","tensor([0., 0., 1., 1., 0.])",2.286708478156882,False,False
"[ 3.32693396e+02  4.32607243e+02  2.46343273e+01  3.81352898e+00
 -1.42000000e-02]","tensor([0., 0., 1., 1., 0.])",2.3130160877239234,False,False
"[ 3.32948978e+02  4.32285922e+02  2.45117684e+01  3.80500898e+00
 -1.42000000e-02]","tensor([0., 0., 1., 1., 0.])",2.33879776768255,False,False
"[ 3.33200555e+02  4.31964045e+02  2.43898193e+01  3.79648898e+00
 -1.42000000e-02]","tensor([0., 0., 1., 1., 0.])",2.3640534778781586,False,False
"[ 3.33448143e+02  4.31641648e+02  2.42684770e+01  3.78796898e+00
 -1.42000000e-02]","tensor([0., 0., 1., 1., 0.])",2.388783289351487,False,False
"[ 3.33691757e+02  4.31318767e+02  2.41477383e+01  3.77944898e+00
 -1.42000000e-02]","tensor([0., 0., 1., 1., 0.])",2.412987383967156,False,False
"[ 3.33931413e+02  4.30995439e+02  2.40276003e+01  3.77092898e+00
 -1.42000000e-02]","tensor([0., 0., 1., 1., 0.])",2.4366660539828615,False,False
"[ 3.34167127e+02  4.30671700e+02  2.39080600e+01  3.76240898e+00
 -1.42000000e-02]","tensor([0., 0., 1., 1., 0.])",2.4598197015599013,False,False
"[ 3.34398916e+02  4.30347585e+02  2.37891144e+01  3.75388898e+00
 -1.42000000e-02]","tensor([0., 0., 1., 1., 0.])",2.482448838215369,False,False
"[ 3.34626795e+02  4.30023129e+02  2.36707606e+01  3.74536898e+00
 -1.42000000e-02]","tensor([0., 0., 1., 1., 0.])",2.504554084216906,False,False
"[ 3.34850782e+02  4.29698367e+02  2.35529956e+01  3.73684898e+00
 -1.42000000e-02]","tensor([0., 0., 1., 1., 0.])",2.5261361679203986,False,False
"[ 3.35070893e+02  4.29373334e+02  2.34358165e+01  3.72832898e+00
 -1.42000000e-02]","tensor([0., 0., 1., 1., 0.])",2.5471959250515965,False,False
"[ 3.35287145e+02  4.29048063e+02  2.33192204e+01  3.71980898e+00
 -1.42000000e-02]","tensor([0., 0., 1., 1., 0.])",2.5677342979323186,False,False
"[ 3.35499556e+02  4.28722590e+02  2.32032044e+01  3.71128898e+00
 -1.42000000e-02]","tensor([0., 0., 1., 1., 0.])",2.58775233465218,False,False
"[ 3.35708144e+02  4.28396946e+02  2.30877656e+01  3.70276898e+00
 -1.42000000e-02]","tensor([0., 0., 1., 1., 0.])",2.6072511881867158,False,False
"[ 3.35912926e+02  4.28071167e+02  2.29729011e+01  3.69424898e+00
 -1.42000000e-02]","tensor([0., 0., 1., 1., 0.])",2.6262321154628907,False,False
"[ 3.36113920e+02  4.27745283e+02  2.28586080e+01  3.68572898e+00
 -1.42000000e-02]","tensor([0., 0., 1., 1., 0.])",2.644696476373049,False,False
"[ 3.36311143e+02  4.27419329e+02  2.27448836e+01  3.67720898e+00
 -1.42000000e-02]","tensor([0., 0., 1., 1., 0.])",2.6626457327382482,False,False
"[ 3.36504616e+02  4.27093337e+02  2.26317250e+01  3.66868898e+00
 -1.42000000e-02]","tensor([0., 0., 1., 1., 0.])",2.6800814472223706,False,False
"[ 3.36694355e+02  4.26767337e+02  2.25191293e+01  3.66016898e+00
 -1.42000000e-02]","tensor([0., 0., 1., 1., 0.])",2.697005282197942,False,False
"[ 3.36880379e+02  4.26441363e+02  2.24070939e+01  3.65164898e+00
 -1.42000000e-02]","tensor([0., 0., 1., 1., 0.])",2.713418998564972,False,False
"[ 3.37062708e+02  4.26115446e+02  2.22956158e+01  3.64312898e+00
 -1.42000000e-02]","tensor([0., 0., 1., 1., 0.])",2.729324454524072,False,False
"[ 3.37241360e+02  4.25789616e+02  2.21846923e+01  3.63460898e+00
 -1.42000000e-02]","tensor([0., 0., 1., 1., 0.])",2.744723604305225,False,False
"[ 3.37416355e+02  4.25463904e+02  2.20743207e+01  3.62608898e+00
 -1.42000000e-02]","tensor([0., 0., 1., 1., 0.])",2.75961849685347,False,False
"[ 3.37587712e+02  4.25138341e+02  2.19644982e+01  3.61756898e+00
 -1.42000000e-02]","tensor([0., 0., 1., 1., 0.])",2.7740112744728833,False,False
"[ 3.37785997e+02  4.24753701e+02  2.58353216e+01  3.60904898e+00
 -1.42000000e-02]","tensor([0., 0., 1., 1., 0.])",2.79042583376836,False,False
"[ 3.37980027e+02  4.24369307e+02  2.57067877e+01  3.60052898e+00
 -1.42000000e-02]","tensor([0., 0., 1., 1., 0.])",2.806235298270238,False,False
"[ 3.38169827e+02  4.23985194e+02  2.55788932e+01  3.59200898e+00
 -1.42000000e-02]","tensor([0., 0., 1., 1., 0.])",2.8214423515805827,False,False
"[ 3.38355419e+02  4.23601397e+02  2.54516350e+01  3.58348898e+00
 -1.42000000e-02]","tensor([0., 0., 1., 1., 0.])",2.8360498032393373,False,False
"[ 3.38536827e+02  4.23217950e+02  2.53250100e+01  3.57496898e+00
 -1.42000000e-02]","tensor([0., 0., 1., 1., 0.])",2.850060586666551,False,False
"[ 3.38714076e+02  4.22834887e+02  2.51990149e+01  3.56644898e+00
 -1.42000000e-02]","tensor([0., 0., 1., 1., 0.])",2.8634777570442864,False,False
"[ 3.38887189e+02  4.22452241e+02  2.50736467e+01  3.55792898e+00
 -1.42000000e-02]","tensor([0., 0., 1., 1., 0.])",2.8763044891408818,False,False
"[ 3.39056191e+02  4.22070045e+02  2.49489022e+01  3.54940898e+00
 -1.42000000e-02]","tensor([0., 0., 1., 1., 0.])",2.888544075080187,False,False
"[ 3.39221105e+02  4.21688331e+02  2.48247783e+01  3.54088898e+00
 -1.42000000e-02]","tensor([0., 0., 1., 1., 0.])",2.9001999220581567,False,False
"[ 3.39381957e+02  4.21307132e+02  2.47012719e+01  3.53236898e+00
 -1.42000000e-02]","tensor([0., 0., 1., 1., 0.])",2.9112755500097265,False,False
"[ 3.39538772e+02  4.20926480e+02  2.45783800e+01  3.52384898e+00
 -1.42000000e-02]","tensor([0., 0., 1., 1., 0.])",2.921774589228427,False,False
"[ 3.39691574e+02  4.20546406e+02  2.44560995e+01  3.51532898e+00
 -1.42000000e-02]","tensor([0., 0., 1., 1., 0.])",-50,False,True
"[ 3.00066667e+02  4.50000000e+02  3.98009950e+00  4.70386898e+00
 -1.42000000e-02]","tensor([0., 0., 1., 1., 0.])",-1.1076878427218588,False,False
"[ 3.00199663e+02  4.49998867e+02  7.94039751e+00  4.69534898e+00
 -1.42000000e-02]","tensor([0., 0., 1., 1., 0.])",-1.0944553714350675,False,False
"[ 3.00398641e+02  4.49995476e+02  1.18809926e+01  4.68682898e+00
 -1.42000000e-02]","tensor([0., 0., 1., 1., 0.])",-1.0746417207971959,False,False
"[ 3.00663238e+02  4.49988711e+02  1.58019826e+01  4.67830898e+00
 -1.42000000e-02]","tensor([0., 0., 1., 1., 0.])",-1.0482633765240266,False,False
"[ 3.00993079e+02  4.49977466e+02  1.97034653e+01  4.66978898e+00
 -1.42000000e-02]","tensor([0., 0., 1., 1., 0.])",-1.0153317788198137,False,False
"[ 3.01387779e+02  4.49960642e+02  2.35855376e+01  4.66126898e+00
 -1.42000000e-02]","tensor([0., 0., 1., 1., 0.])",-0.9758534192867536,False,False
"[ 3.01780358e+02  4.49940556e+02  2.34681966e+01  4.65274898e+00
 -1.42000000e-02]","tensor([0., 0., 1., 1., 0.])",-0.9365100406957687,False,False
"[ 3.02170799e+02  4.49917242e+02  2.33514394e+01  4.64422898e+00
 -1.42000000e-02]","tensor([0., 0., 1., 1., 0.])",-0.8973045543589606,False,False
"[ 3.02559086e+02  4.49890735e+02  2.32352631e+01  4.63570898e+00
 -1.42000000e-02]","tensor([0., 0., 1., 1., 0.])",-0.858239860616635,False,False
"[ 3.02945202e+02  4.49861070e+02  2.31196648e+01  4.62718898e+00
 -1.42000000e-02]","tensor([0., 0., 1., 1., 0.])",-0.8193188482312053,False,False
"[ 3.03329132e+02  4.49828279e+02  2.30046416e+01  4.61866898e+00
 -1.42000000e-02]","tensor([0., 0., 1., 1., 0.])",-0.7805443937785554,False,False
"[ 3.03710860e+02  4.49792399e+02  2.28901906e+01  4.61014898e+00
 -1.42000000e-02]","tensor([0., 0., 1., 1., 0.])",-0.7419193610370023,False,False
"[ 3.04090371e+02  4.49753462e+02  2.27763091e+01  4.60162898e+00
 -1.42000000e-02]","tensor([0., 0., 1., 1., 0.])",-0.7034466003743489,False,False
"[ 3.04467650e+02  4.49711503e+02  2.26629941e+01  4.59310898e+00
 -1.42000000e-02]","tensor([0., 0., 1., 1., 0.])",-0.6651289481329385,False,False
"[ 3.04842683e+02  4.49666555e+02  2.25502429e+01  4.58458898e+00
 -1.42000000e-02]","tensor([0., 0., 1., 1., 0.])",-0.62696922601328,False,False
"[ 3.05215455e+02  4.49618654e+02  2.24380526e+01  4.57606898e+00
 -1.42000000e-02]","tensor([0., 0., 1., 1., 0.])",-0.5889702404563941,False,False
"[ 3.05585954e+02  4.49567833e+02  2.23264205e+01  4.56754898e+00
 -1.42000000e-02]","tensor([0., 0., 1., 1., 0.])",-0.5511347820250805,False,False
"[ 3.05954164e+02  4.49514125e+02  2.22153438e+01  4.55902898e+00
 -1.42000000e-02]","tensor([0., 0., 1., 1., 0.])",-0.5134656247844589,False,False
"[ 3.06320074e+02  4.49457565e+02  2.21048197e+01  4.55050898e+00
 -1.42000000e-02]","tensor([0., 0., 1., 1., 0.])",-0.4759655256820672,False,False
"[ 3.06683671e+02  4.49398186e+02  2.19948455e+01  4.54198898e+00
 -1.42000000e-02]","tensor([0., 0., 1., 1., 0.])",-0.43863722392778826,False,False
"[ 3.07110644e+02  4.49324717e+02  2.58655179e+01  4.53346898e+00
 -1.42000000e-02]","tensor([0., 0., 1., 1., 0.])",-0.3947196404608455,False,False
"[ 3.07534854e+02  4.49247997e+02  2.57368337e+01  4.52494898e+00
 -1.42000000e-02]","tensor([0., 0., 1., 1., 0.])",-0.3509977368491555,False,False
"[ 3.07956288e+02  4.49168065e+02  2.56087898e+01  4.51642898e+00
 -1.42000000e-02]","tensor([0., 0., 1., 1., 0.])",-0.3074749832776753,False,False
"[ 3.08374933e+02  4.49084961e+02  2.54813829e+01  4.50790898e+00
 -1.42000000e-02]","tensor([0., 0., 1., 1., 0.])",-0.26415483147370367,False,False
"[ 3.08790775e+02  4.48998725e+02  2.53546098e+01  4.49938898e+00
 -1.42000000e-02]","tensor([0., 0., 1., 1., 0.])",-0.22104071382557677,False,False
"[ 3.09203802e+02  4.48909395e+02  2.52284675e+01  4.49086898e+00
 -1.42000000e-02]","tensor([0., 0., 1., 1., 0.])",-0.17813604249934656,False,False
"[ 3.09614002e+02  4.48817011e+02  2.51029527e+01  4.48234898e+00
 -1.42000000e-02]","tensor([0., 0., 1., 1., 0.])",-0.13544420855406614,False,False
"[ 3.10021363e+02  4.48721613e+02  2.49780624e+01  4.47382898e+00
 -1.42000000e-02]","tensor([0., 0., 1., 1., 0.])",-0.09296858105582473,False,False
"[ 3.10425874e+02  4.48623240e+02  2.48537934e+01  4.46530898e+00
 -1.42000000e-02]","tensor([0., 0., 1., 1., 0.])",-0.05071250619126744,False,False
"[ 3.10827524e+02  4.48521930e+02  2.47301427e+01  4.45678898e+00
 -1.42000000e-02]","tensor([0., 0., 1., 1., 0.])",-0.008679306380891205,False,False
"[ 3.11226303e+02  4.48417723e+02  2.46071072e+01  4.44826898e+00
 -1.42000000e-02]","tensor([0., 0., 1., 1., 0.])",0.03312772060738922,False,False
"[ 3.11622199e+02  4.48310657e+02  2.44846838e+01  4.43974898e+00
 -1.42000000e-02]","tensor([0., 0., 1., 1., 0.])",0.07470530254392571,False,False
"[ 3.12015204e+02  4.48200772e+02  2.43628694e+01  4.43122898e+00
 -1.42000000e-02]","tensor([0., 0., 1., 1., 0.])",0.116050193621831,False,False
"[ 3.12405308e+02  4.48088106e+02  2.42416611e+01  4.42270898e+00
 -1.42000000e-02]","tensor([0., 0., 1., 1., 0.])",0.15715917533968948,False,False
"[ 3.12792502e+02  4.47972697e+02  2.41210558e+01  4.41418898e+00
 -1.42000000e-02]","tensor([0., 0., 1., 1., 0.])",0.1980290573822181,False,False
"[ 3.13176778e+02  4.47854585e+02  2.40010506e+01  4.40566898e+00
 -1.42000000e-02]","tensor([0., 0., 1., 1., 0.])",0.23865667849807792,False,False
"[ 3.13558126e+02  4.47733806e+02  2.38816424e+01  4.39714898e+00
 -1.42000000e-02]","tensor([0., 0., 1., 1., 0.])",0.2790389073746944,False,False
"[ 3.13936539e+02  4.47610400e+02  2.37628282e+01  4.38862898e+00
 -1.42000000e-02]","tensor([0., 0., 1., 1., 0.])",0.3191726435093116,False,False
"[ 3.14312010e+02  4.47484404e+02  2.36446052e+01  4.38010898e+00
 -1.42000000e-02]","tensor([0., 0., 1., 1., 0.])",0.3590548180758155,False,False
"[ 3.14684531e+02  4.47355856e+02  2.35269704e+01  4.37158898e+00
 -1.42000000e-02]","tensor([0., 0., 1., 1., 0.])",0.3986823947870164,False,False
"[ 3.15054096e+02  4.47224795e+02  2.34099208e+01  4.36306898e+00
 -1.42000000e-02]","tensor([0., 0., 1., 1., 0.])",0.438052370751592,False,False
"[ 3.15420698e+02  4.47091257e+02  2.32934535e+01  4.35454898e+00
 -1.42000000e-02]","tensor([0., 0., 1., 1., 0.])",0.47716177732540643,False,False
"[ 3.15784330e+02  4.46955281e+02  2.31775657e+01  4.34602898e+00
 -1.42000000e-02]","tensor([0., 0., 1., 1., 0.])",0.5160076809565659,False,False
"[ 3.16144987e+02  4.46816904e+02  2.30622544e+01  4.33750898e+00
 -1.42000000e-02]","tensor([0., 0., 1., 1., 0.])",0.554587184023724,False,False
"[ 3.16502664e+02  4.46676162e+02  2.29475168e+01  4.32898898e+00
 -1.42000000e-02]","tensor([0., 0., 1., 1., 0.])",0.5928974256671502,False,False
"[ 3.16857356e+02  4.46533093e+02  2.28333501e+01  4.32046898e+00
 -1.42000000e-02]","tensor([0., 0., 1., 1., 0.])",0.6309355826119614,False,False
"[ 3.17209057e+02  4.46387735e+02  2.27197513e+01  4.31194898e+00
 -1.42000000e-02]","tensor([0., 0., 1., 1., 0.])",0.668698869983043,False,False
"[ 3.17557763e+02  4.46240123e+02  2.26067177e+01  4.30342898e+00
 -1.42000000e-02]","tensor([0., 0., 1., 1., 0.])",0.7061845421112309,False,False
"[ 3.17903471e+02  4.46090295e+02  2.24942465e+01  4.29490898e+00
 -1.42000000e-02]","tensor([0., 0., 1., 1., 0.])",0.7433898933300078,False,False
"[ 3.18246176e+02  4.45938288e+02  2.23823348e+01  4.28638898e+00
 -1.42000000e-02]","tensor([0., 0., 1., 1., 0.])",0.7803122587624003,False,False
"[ 3.18585875e+02  4.45784136e+02  2.22709799e+01  4.27786898e+00
 -1.42000000e-02]","tensor([0., 0., 1., 1., 0.])",0.8169490150975207,False,False
"[ 3.18922564e+02  4.45627877e+02  2.21601790e+01  4.26934898e+00
 -1.42000000e-02]","tensor([0., 0., 1., 1., 0.])",0.8532975813560846,False,False
"[ 3.19256242e+02  4.45469547e+02  2.20499294e+01  4.26082898e+00
 -1.42000000e-02]","tensor([0., 0., 1., 1., 0.])",0.8893554196446658,False,False
"[ 3.19586906e+02  4.45309182e+02  2.19402282e+01  4.25230898e+00
 -1.42000000e-02]","tensor([0., 0., 1., 1., 0.])",0.9251200358978906,False,False
"[ 3.19974287e+02  4.45117216e+02  2.58111724e+01  4.24378898e+00
 -1.42000000e-02]","tensor([0., 0., 1., 1., 0.])",0.9670597313663016,False,False
"[ 3.20358100e+02  4.44922927e+02  2.56827586e+01  4.23526898e+00
 -1.42000000e-02]","tensor([0., 0., 1., 1., 0.])",1.0086552274956233,False,False
"[ 3.20738342e+02  4.44726359e+02  2.55549837e+01  4.22674898e+00
 -1.42000000e-02]","tensor([0., 0., 1., 1., 0.])",1.049903216330975,False,False
"[ 3.21115013e+02  4.44527552e+02  2.54278444e+01  4.21822898e+00
 -1.42000000e-02]","tensor([0., 0., 1., 1., 0.])",1.090800444906133,False,False
"[ 3.21488110e+02  4.44326548e+02  2.53013377e+01  4.20970898e+00
 -1.42000000e-02]","tensor([0., 0., 1., 1., 0.])",1.1313437163617408,False,False
"[ 3.21857634e+02  4.44123389e+02  2.51754604e+01  4.20118898e+00
 -1.42000000e-02]","tensor([0., 0., 1., 1., 0.])",1.1715298910465677,False,False
"[ 3.22223583e+02  4.43918115e+02  2.50502094e+01  4.19266898e+00
 -1.42000000e-02]","tensor([0., 0., 1., 1., 0.])",1.211355887601151,False,False
"[ 3.22585959e+02  4.43710767e+02  2.49255815e+01  4.18414898e+00
 -1.42000000e-02]","tensor([0., 0., 1., 1., 0.])",1.2508186840229563,False,False
"[ 3.22944761e+02  4.43501386e+02  2.48015736e+01  4.17562898e+00
 -1.42000000e-02]","tensor([0., 0., 1., 1., 0.])",1.2899153187121293,False,False
"[ 3.23299990e+02  4.43290013e+02  2.46781827e+01  4.16710898e+00
 -1.42000000e-02]","tensor([0., 0., 1., 1., 0.])",1.3286428914971324,False,False
"[ 3.23651646e+02  4.43076688e+02  2.45554057e+01  4.15858898e+00
 -1.42000000e-02]","tensor([0., 0., 1., 1., 0.])",1.3669985646392853,False,False
"[ 3.23999732e+02  4.42861450e+02  2.44332395e+01  4.15006898e+00
 -1.42000000e-02]","tensor([0., 0., 1., 1., 0.])",1.4049795638155942,False,False
"[ 3.24344249e+02  4.42644340e+02  2.43116811e+01  4.14154898e+00
 -1.42000000e-02]","tensor([0., 0., 1., 1., 0.])",1.4425831790788273,False,False
"[ 3.24685199e+02  4.42425398e+02  2.41907274e+01  4.13302898e+00
 -1.42000000e-02]","tensor([0., 0., 1., 1., 0.])",1.479806765794308,False,False
"[ 3.25022585e+02  4.42204662e+02  2.40703756e+01  4.12450898e+00
 -1.42000000e-02]","tensor([0., 0., 1., 1., 0.])",1.5166477455524543,False,False
"[ 3.25356408e+02  4.41982172e+02  2.39506224e+01  4.11598898e+00
 -1.42000000e-02]","tensor([0., 0., 1., 1., 0.])",1.5531036070563928,False,False
"[ 3.25686672e+02  4.41757967e+02  2.38314651e+01  4.10746898e+00
 -1.42000000e-02]","tensor([0., 0., 1., 1., 0.])",1.5891719069838501,False,False
"[ 3.26013381e+02  4.41532086e+02  2.37129006e+01  4.09894898e+00
 -1.42000000e-02]","tensor([0., 0., 1., 1., 0.])",1.624850270822705,False,False
"[ 3.26336537e+02  4.41304567e+02  2.35949260e+01  4.09042898e+00
 -1.42000000e-02]","tensor([0., 0., 1., 1., 0.])",1.660136393679288,False,False
"[ 3.26656146e+02  4.41075449e+02  2.34775383e+01  4.08190898e+00
 -1.42000000e-02]","tensor([0., 0., 1., 1., 0.])",1.6950280410589755,False,False
"[ 3.26972210e+02  4.40844770e+02  2.33607346e+01  4.07338898e+00
 -1.42000000e-02]","tensor([0., 0., 1., 1., 0.])",1.729523049618244,False,False
"[ 3.27284735e+02  4.40612567e+02  2.32445121e+01  4.06486898e+00
 -1.42000000e-02]","tensor([0., 0., 1., 1., 0.])",1.763619327887568,False,False
"[ 3.27593725e+02  4.40378878e+02  2.31288677e+01  4.05634898e+00
 -1.42000000e-02]","tensor([0., 0., 1., 1., 0.])",1.7973148569645865,False,False
"[ 3.27899186e+02  4.40143741e+02  2.30137987e+01  4.04782898e+00
 -1.42000000e-02]","tensor([0., 0., 1., 1., 0.])",1.8306076911768052,False,False
"[ 3.28201122e+02  4.39907192e+02  2.28993022e+01  4.03930898e+00
 -1.42000000e-02]","tensor([0., 0., 1., 1., 0.])",1.8634959587135036,False,False
"[ 3.28499540e+02  4.39669269e+02  2.27853753e+01  4.03078898e+00
 -1.42000000e-02]","tensor([0., 0., 1., 1., 0.])",1.8959778622259513,False,False
"[ 3.28794446e+02  4.39430009e+02  2.26720153e+01  4.02226898e+00
 -1.42000000e-02]","tensor([0., 0., 1., 1., 0.])",1.9280516793956792,False,False
"[ 3.29085845e+02  4.39189448e+02  2.25592192e+01  4.01374898e+00
 -1.42000000e-02]","tensor([0., 0., 1., 1., 0.])",1.9597157634701787,False,False
"[ 3.29373745e+02  4.38947622e+02  2.24469842e+01  4.00522898e+00
 -1.42000000e-02]","tensor([0., 0., 1., 1., 0.])",1.990968543765561,False,False
"[ 3.29658152e+02  4.38704567e+02  2.23353077e+01  3.99670898e+00
 -1.42000000e-02]","tensor([0., 0., 1., 1., 0.])",2.0218085261357857,False,False
"[ 3.29939074e+02  4.38460319e+02  2.22241868e+01  3.98818898e+00
 -1.42000000e-02]","tensor([0., 0., 1., 1., 0.])",2.0522342934078637,False,False
"[ 3.30216516e+02  4.38214913e+02  2.21136187e+01  3.97966898e+00
 -1.42000000e-02]","tensor([0., 0., 1., 1., 0.])",2.0822445057830095,False,False
"[ 3.30490489e+02  4.37968385e+02  2.20036007e+01  3.97114898e+00
 -1.42000000e-02]","tensor([0., 0., 1., 1., 0.])",2.111837901202904,False,False
"[ 3.30760998e+02  4.37720770e+02  2.18941300e+01  3.96262898e+00
 -1.42000000e-02]","tensor([0., 0., 1., 1., 0.])",2.1410132956811054,False,False
"[ 3.31076843e+02  4.37426672e+02  2.57653035e+01  3.95410898e+00
 -1.42000000e-02]","tensor([0., 0., 1., 1., 0.])",2.1750219211155724,False,False
"[ 3.31388611e+02  4.37131370e+02  2.56371179e+01  3.94558898e+00
 -1.42000000e-02]","tensor([0., 0., 1., 1., 0.])",2.2085305486635463,False,False
"[ 3.31696314e+02  4.36834905e+02  2.55095701e+01  3.93706898e+00
 -1.42000000e-02]","tensor([0., 0., 1., 1., 0.])",2.241537486739574,False,False
"[ 3.31999962e+02  4.36537317e+02  2.53826568e+01  3.92854898e+00
 -1.42000000e-02]","tensor([0., 0., 1., 1., 0.])",2.2740411485413503,False,False
"[ 3.32299565e+02  4.36238646e+02  2.52563749e+01  3.92002898e+00
 -1.42000000e-02]","tensor([0., 0., 1., 1., 0.])",2.3060400525735503,False,False
"[ 3.32595135e+02  4.35938932e+02  2.51307213e+01  3.91150898e+00
 -1.42000000e-02]","tensor([0., 0., 1., 1., 0.])",2.3375328231167956,False,False
"[ 3.32886683e+02  4.35638214e+02  2.50056928e+01  3.90298898e+00
 -1.42000000e-02]","tensor([0., 0., 1., 1., 0.])",2.3685181906413817,False,False
"[ 3.33174220e+02  4.35336531e+02  2.48812864e+01  3.89446898e+00
 -1.42000000e-02]","tensor([0., 0., 1., 1., 0.])",2.3989949921653277,False,False
"[ 3.33457759e+02  4.35033923e+02  2.47574989e+01  3.88594898e+00
 -1.42000000e-02]","tensor([0., 0., 1., 1., 0.])",2.428962171556506,False,False
"[ 3.33737312e+02  4.34730427e+02  2.46343273e+01  3.87742898e+00
 -1.42000000e-02]","tensor([0., 0., 1., 1., 0.])",2.4584187797780714,False,False
"[ 3.34012891e+02  4.34426082e+02  2.45117684e+01  3.86890898e+00
 -1.42000000e-02]","tensor([0., 0., 1., 1., 0.])",2.4873639750776277,False,False
"[ 3.34284509e+02  4.34120927e+02  2.43898193e+01  3.86038898e+00
 -1.42000000e-02]","tensor([0., 0., 1., 1., 0.])",2.5157970231192053,False,False
"[ 3.34552179e+02  4.33814998e+02  2.42684770e+01  3.85186898e+00
 -1.42000000e-02]","tensor([0., 0., 1., 1., 0.])",2.543717297058407,False,False
"[ 3.34815914e+02  4.33508332e+02  2.41477383e+01  3.84334898e+00
 -1.42000000e-02]","tensor([0., 0., 1., 1., 0.])",2.5711242775605143,False,False
"[ 3.35075728e+02  4.33200968e+02  2.40276003e+01  3.83482898e+00
 -1.42000000e-02]","tensor([0., 0., 1., 1., 0.])",2.5980175527613625,False,False
"[ 3.35331633e+02  4.32892941e+02  2.39080600e+01  3.82630898e+00
 -1.42000000e-02]","tensor([0., 0., 1., 1., 0.])",2.6243968181713626,False,False
"[ 3.35583646e+02  4.32584289e+02  2.37891144e+01  3.81778898e+00
 -1.42000000e-02]","tensor([0., 0., 1., 1., 0.])",2.650261876522336,False,False
"[ 3.35831778e+02  4.32275047e+02  2.36707606e+01  3.80926898e+00
 -1.42000000e-02]","tensor([0., 0., 1., 1., 0.])",2.6756126375579043,False,False
"[ 3.36076046e+02  4.31965251e+02  2.35529956e+01  3.80074898e+00
 -1.42000000e-02]","tensor([0., 0., 1., 1., 0.])",2.7004491177670644,False,False
"[ 3.36316463e+02  4.31654936e+02  2.34358165e+01  3.79222898e+00
 -1.42000000e-02]","tensor([0., 0., 1., 1., 0.])",2.7247714400617724,False,False
"[ 3.36553045e+02  4.31344139e+02  2.33192204e+01  3.78370898e+00
 -1.42000000e-02]","tensor([0., 0., 1., 1., 0.])",2.7485798333983666,False,False
"[ 3.36785806e+02  4.31032893e+02  2.32032044e+01  3.77518898e+00
 -1.42000000e-02]","tensor([0., 0., 1., 1., 0.])",2.771874632343966,False,False
"[ 3.37014763e+02  4.30721234e+02  2.30877656e+01  3.76666898e+00
 -1.42000000e-02]","tensor([0., 0., 1., 1., 0.])",2.7946562765873892,False,False
"[ 3.37239930e+02  4.30409196e+02  2.29729011e+01  3.75814898e+00
 -1.42000000e-02]","tensor([0., 0., 1., 1., 0.])",2.8169253103960443,False,False
"[ 3.37461323e+02  4.30096813e+02  2.28586080e+01  3.74962898e+00
 -1.42000000e-02]","tensor([0., 0., 1., 1., 0.])",2.8386823820187885,False,False
"[ 3.37678959e+02  4.29784118e+02  2.27448836e+01  3.74110898e+00
 -1.42000000e-02]","tensor([0., 0., 1., 1., 0.])",2.8599282430356254,False,False
"[ 3.37892853e+02  4.29471145e+02  2.26317250e+01  3.73258898e+00
 -1.42000000e-02]","tensor([0., 0., 1., 1., 0.])",2.880663747654893,False,False
"[ 3.38103022e+02  4.29157927e+02  2.25191293e+01  3.72406898e+00
 -1.42000000e-02]","tensor([0., 0., 1., 1., 0.])",2.900889851958908,False,False
"[ 3.38309482e+02  4.28844497e+02  2.24070939e+01  3.71554898e+00
 -1.42000000e-02]","tensor([0., 0., 1., 1., 0.])",2.920607613098454,False,False
"[ 3.38512251e+02  4.28530888e+02  2.22956158e+01  3.70702898e+00
 -1.42000000e-02]","tensor([0., 0., 1., 1., 0.])",2.9398181884375134,False,False
"[ 3.38711345e+02  4.28217131e+02  2.21846923e+01  3.69850898e+00
 -1.42000000e-02]","tensor([0., 0., 1., 1., 0.])",2.9585228346486474,False,False
"[ 3.38906782e+02  4.27903259e+02  2.20743207e+01  3.68998898e+00
 -1.42000000e-02]","tensor([0., 0., 1., 1., 0.])",2.9767229067605285,False,False
"[ 3.39098578e+02  4.27589302e+02  2.19644982e+01  3.68146898e+00
 -1.42000000e-02]","tensor([0., 0., 1., 1., 0.])",2.99441985715805,False,False
"[ 3.39321020e+02  4.27218108e+02  2.58353216e+01  3.67294898e+00
 -1.42000000e-02]","tensor([0., 0., 1., 1., 0.])",3.0147391174172924,False,False
"[ 3.39539200e+02  4.26846889e+02  2.57067877e+01  3.66442898e+00
 -1.42000000e-02]","tensor([0., 0., 1., 1., 0.])",3.0344520004051105,False,False
"[ 3.39753141e+02  4.26475680e+02  2.55788932e+01  3.65590898e+00
 -1.42000000e-02]","tensor([0., 0., 1., 1., 0.])",3.0535602779132773,False,False
"[ 3.39962862e+02  4.26104518e+02  2.54516350e+01  3.64738898e+00
 -1.42000000e-02]","tensor([0., 0., 1., 1., 0.])",3.072065853845885,False,False
"[ 3.40168386e+02  4.25733438e+02  2.53250100e+01  3.63886898e+00
 -1.42000000e-02]","tensor([0., 0., 1., 1., 0.])",3.0899707626917348,False,False
"[ 3.40369734e+02  4.25362475e+02  2.51990149e+01  3.63034898e+00
 -1.42000000e-02]","tensor([0., 0., 1., 1., 0.])",3.1072771679260143,False,False
"[ 3.40566928e+02  4.24991664e+02  2.50736467e+01  3.62182898e+00
 -1.42000000e-02]","tensor([0., 0., 1., 1., 0.])",3.123987360343307,False,False
"[ 3.40759990e+02  4.24621040e+02  2.49489022e+01  3.61330898e+00
 -1.42000000e-02]","tensor([0., 0., 1., 1., 0.])",3.140103756323697,False,False
"[ 3.40948943e+02  4.24250636e+02  2.48247783e+01  3.60478898e+00
 -1.42000000e-02]","tensor([0., 0., 1., 1., 0.])",3.1556288960339884,False,False
"[ 3.41133809e+02  4.23880487e+02  2.47012719e+01  3.59626898e+00
 -1.42000000e-02]","tensor([0., 0., 1., 1., 0.])",3.170565441566822,False,False
"[ 3.41314611e+02  4.23510625e+02  2.45783800e+01  3.58774898e+00
 -1.42000000e-02]","tensor([0., 0., 1., 1., 0.])",3.1849161750189126,False,False
"[ 3.41491371e+02  4.23141084e+02  2.44560995e+01  3.57922898e+00
 -1.42000000e-02]","tensor([0., 0., 1., 1., 0.])",3.1986839965116474,False,False
"[ 3.41664112e+02  4.22771896e+02  2.43344274e+01  3.57070898e+00
 -1.42000000e-02]","tensor([0., 0., 1., 1., 0.])",3.2118719221557512,False,False
"[ 3.41832858e+02  4.22403095e+02  2.42133606e+01  3.56218898e+00
 -1.42000000e-02]","tensor([0., 0., 1., 1., 0.])",3.2244830819624326,False,False
"[ 3.41997632e+02  4.22034710e+02  2.40928961e+01  3.55366898e+00
 -1.42000000e-02]","tensor([0., 0., 1., 1., 0.])",3.236520717703854,False,False
"[ 3.42158457e+02  4.21666775e+02  2.39730310e+01  3.54514898e+00
 -1.42000000e-02]","tensor([0., 0., 1., 1., 0.])",3.247988180724974,False,False
"[ 3.42315357e+02  4.21299320e+02  2.38537621e+01  3.53662898e+00
 -1.42000000e-02]","tensor([0., 0., 1., 1., 0.])",3.2588889297091157,False,False
"[ 3.42468356e+02  4.20932377e+02  2.37350867e+01  3.52810898e+00
 -1.42000000e-02]","tensor([0., 0., 1., 1., 0.])",3.2692265284003668,False,False
"[ 3.42617477e+02  4.20565975e+02  2.36170017e+01  3.51958898e+00
 -1.42000000e-02]","tensor([0., 0., 1., 1., 0.])",-50,False,True
"[ 3.00066667e+02  4.50000000e+02  3.98009950e+00  4.70386898e+00
 -1.42000000e-02]","tensor([0., 0., 1., 1., 0.])",-1.1076878427218588,False,False
"[ 3.00199663e+02  4.49998867e+02  7.94039751e+00  4.69534898e+00
 -1.42000000e-02]","tensor([0., 0., 1., 1., 0.])",-1.0944553714350675,False,False
"[ 3.00398641e+02  4.49995476e+02  1.18809926e+01  4.68682898e+00
 -1.42000000e-02]","tensor([0., 0., 1., 1., 0.])",-1.0746417207971959,False,False
"[ 3.00663238e+02  4.49988711e+02  1.58019826e+01  4.67830898e+00
 -1.42000000e-02]","tensor([0., 0., 1., 1., 0.])",-1.0482633765240266,False,False
"[ 3.00993079e+02  4.49977466e+02  1.97034653e+01  4.66978898e+00
 -1.42000000e-02]","tensor([0., 0., 1., 1., 0.])",-1.0153317788198137,False,False
"[ 3.01387779e+02  4.49960642e+02  2.35855376e+01  4.66126898e+00
 -1.42000000e-02]","tensor([0., 0., 1., 1., 0.])",-0.9758534192867536,False,False
"[ 3.01780358e+02  4.49940556e+02  2.34681966e+01  4.65274898e+00
 -1.42000000e-02]","tensor([0., 0., 1., 1., 0.])",-0.9365100406957687,False,False
"[ 3.02170799e+02  4.49917242e+02  2.33514394e+01  4.64990898e+00
 -4.73333333e-03]","tensor([0., 1., 1., 1., 0.])",-0.8973045543589606,False,False
"[ 3.02559230e+02  4.49892941e+02  2.32352631e+01  4.64896231e+00
 -1.57777778e-03]","tensor([0., 1., 1., 1., 0.])",-0.8582252084864024,False,False
"[ 3.02945706e+02  4.49868395e+02  2.31196648e+01  4.64864676e+00
 -5.25925926e-04]","tensor([0., 1., 1., 1., 0.])",-0.819267537001263,False,False
"[ 3.03330251e+02  4.49843850e+02  2.30046416e+01  4.64854157e+00
 -1.75308642e-04]","tensor([0., 1., 1., 1., 0.])",-0.7804299963527974,False,False
"[3.03712880e+02 4.49819387e+02 2.28901906e+01 4.65418651e+00
 9.40823045e-03]","tensor([0., 1., 0., 1., 0.])",-0.7417120686432668,False,False
"[3.04093738e+02 4.49797195e+02 2.27763091e+01 4.66174816e+00
 1.26027435e-02]","tensor([0., 1., 0., 1., 0.])",-0.7030999391990065,False,False
"[3.04472856e+02 4.49777980e+02 2.26629941e+01 4.66994871e+00
 1.36675812e-02]","tensor([0., 1., 0., 1., 0.])",-0.6645909189100827,False,False
"[3.04850232e+02 4.49761954e+02 2.25502429e+01 4.67836222e+00
 1.40225271e-02]","tensor([0., 1., 0., 1., 0.])",-0.6261861022197373,False,False
"[3.05225852e+02 4.49749168e+02 2.24380526e+01 4.68684673e+00
 1.41408424e-02]","tensor([0., 1., 0., 1., 0.])",-0.5878877546925914,False,False
"[3.05599698e+02 4.49739617e+02 2.23264205e+01 4.69535490e+00
 1.41802808e-02]","tensor([0., 1., 0., 1., 0.])",-0.5496984866916321,False,False
"[3.05971751e+02 4.49733279e+02 2.22153438e+01 4.70387095e+00
 1.41934269e-02]","tensor([0., 1., 0., 0., 0.])",-0.5116210035199558,False,False
"[3.06341993e+02 4.49730125e+02 2.21048197e+01 4.71238964e+00
 1.41978090e-02]","tensor([0., 1., 0., 0., 0.])",-0.47365803162778164,False,False
"[3.06710407e+02 4.49730126e+02 2.19948455e+01 4.72090920e+00
 1.41992697e-02]","tensor([0., 1., 0., 0., 0.])",-0.43581229707501024,False,False
"[3.07076974e+02 4.49733249e+02 2.18854184e+01 4.72942905e+00
 1.41997566e-02]","tensor([0., 1., 0., 0., 0.])",-0.3980865191538534,False,False
"[3.07441678e+02 4.49739464e+02 2.17765357e+01 4.73794900e+00
 1.41999189e-02]","tensor([0., 1., 0., 0., 0.])",-0.3604834083002224,False,False
"[3.07804502e+02 4.49748740e+02 2.16681948e+01 4.74646899e+00
 1.41999730e-02]","tensor([0., 1., 0., 0., 0.])",-0.3230056651781723,False,False
"[3.08165429e+02 4.49761045e+02 2.15603928e+01 4.75498898e+00
 1.41999910e-02]","tensor([0., 1., 0., 0., 0.])",-0.28565598006897375,False,False
"[3.08524443e+02 4.49776348e+02 2.14531272e+01 4.76350898e+00
 1.41999970e-02]","tensor([0., 1., 0., 0., 0.])",-0.24843703233212722,False,False
"[3.08881528e+02 4.49794618e+02 2.13463952e+01 4.77202898e+00
 1.41999990e-02]","tensor([0., 1., 0., 0., 0.])",-0.2113514898796005,False,False
"[3.09236669e+02 4.49815824e+02 2.12401942e+01 4.78054898e+00
 1.41999997e-02]","tensor([0., 1., 0., 0., 0.])",-0.1744020086502438,False,False
"[3.09589850e+02 4.49839934e+02 2.11345216e+01 4.78906898e+00
 1.41999999e-02]","tensor([0., 1., 0., 0., 0.])",-0.13759123208208024,False,False
"[3.09941057e+02 4.49866918e+02 2.10293747e+01 4.79758898e+00
 1.42000000e-02]","tensor([0., 1., 0., 0., 0.])",-0.10092179058271356,False,False
"[3.10290275e+02 4.49896743e+02 2.09247510e+01 4.80610898e+00
 1.42000000e-02]","tensor([0., 1., 0., 0., 0.])",-0.06439630099811566,False,False
"[3.10637490e+02 4.49929380e+02 2.08206477e+01 4.81462898e+00
 1.42000000e-02]","tensor([0., 1., 0., 0., 0.])",-0.02801736608031291,False,False
"[3.10982689e+02 4.49964797e+02 2.07170624e+01 4.82314898e+00
 1.42000000e-02]","tensor([0., 1., 0., 0., 0.])",0.00821242604591177,False,False
"[3.11325858e+02 4.50002962e+02 2.06139925e+01 4.83166898e+00
 1.42000000e-02]","tensor([0., 1., 0., 0., 0.])",0.04429050241684962,False,False
"[3.11666983e+02 4.50043846e+02 2.05114353e+01 4.84018898e+00
 1.42000000e-02]","tensor([0., 1., 0., 0., 0.])",0.08021430576416577,False,False
"[3.12006052e+02 4.50087416e+02 2.04093883e+01 4.84870898e+00
 1.42000000e-02]","tensor([0., 1., 0., 0., 0.])",0.11598129504929844,False,False
"[3.12343053e+02 4.50133643e+02 2.03078491e+01 4.85722898e+00
 1.42000000e-02]","tensor([0., 1., 0., 0., 0.])",0.1515889459977835,False,False
"[3.12677973e+02 4.50182495e+02 2.02068150e+01 4.86574898e+00
 1.42000000e-02]","tensor([0., 1., 0., 0., 0.])",0.18703475163327354,False,False
"[3.13010801e+02 4.50233941e+02 2.01062836e+01 4.87426898e+00
 1.42000000e-02]","tensor([0., 1., 0., 0., 0.])",0.22231622281094232,False,False
"[3.13341524e+02 4.50287951e+02 2.00062523e+01 4.88278898e+00
 1.42000000e-02]","tensor([0., 1., 0., 0., 0.])",0.2574308887501182,False,False
"[3.13670133e+02 4.50344495e+02 1.99067187e+01 4.89130898e+00
 1.42000000e-02]","tensor([0., 1., 0., 0., 0.])",0.29237629756582706,False,False
"[3.13996615e+02 4.50403540e+02 1.98076803e+01 4.89982898e+00
 1.42000000e-02]","tensor([0., 1., 0., 0., 0.])",0.3271500167990311,False,False
"[3.14320961e+02 4.50465058e+02 1.97091347e+01 4.90834898e+00
 1.42000000e-02]","tensor([0., 1., 0., 0., 0.])",0.361749633945319,False,False
"[3.14643159e+02 4.50529017e+02 1.96110793e+01 4.91686898e+00
 1.42000000e-02]","tensor([0., 1., 0., 0., 0.])",0.3961727569818052,False,False
"[3.14963201e+02 4.50595386e+02 1.95135117e+01 4.92538898e+00
 1.42000000e-02]","tensor([0., 1., 0., 0., 0.])",0.4304170148918338,False,False
"[3.15281077e+02 4.50664137e+02 1.94164296e+01 4.93390898e+00
 1.42000000e-02]","tensor([0., 1., 0., 0., 0.])",0.4644800581875579,False,False
"[3.15596777e+02 4.50735237e+02 1.93198304e+01 4.94242898e+00
 1.42000000e-02]","tensor([0., 1., 0., 0., 0.])",0.4983595594297441,False,False
"[3.15910291e+02 4.50808658e+02 1.92237119e+01 4.95094898e+00
 1.42000000e-02]","tensor([0., 1., 0., 0., 0.])",0.5320532137448382,False,False
"[3.16221613e+02 4.50884368e+02 1.91280715e+01 4.95946898e+00
 1.42000000e-02]","tensor([0., 1., 0., 0., 0.])",0.5655587393389006,False,False
"[3.16530732e+02 4.50962339e+02 1.90329070e+01 4.96798898e+00
 1.42000000e-02]","tensor([0., 1., 0., 0., 0.])",0.5988738780081633,False,False
"[3.16837642e+02 4.51042539e+02 1.89382159e+01 4.97650898e+00
 1.42000000e-02]","tensor([0., 1., 0., 0., 0.])",0.6319963956459596,False,False
"[3.17142333e+02 4.51124939e+02 1.88439959e+01 4.98502898e+00
 1.42000000e-02]","tensor([0., 1., 0., 0., 0.])",0.6649240827457632,False,False
"[3.17444799e+02 4.51209509e+02 1.87502447e+01 4.99354898e+00
 1.42000000e-02]","tensor([0., 1., 0., 0., 0.])",0.6976547549000855,False,False
"[3.17745032e+02 4.51296220e+02 1.86569599e+01 5.00206898e+00
 1.42000000e-02]","tensor([0., 1., 0., 0., 0.])",0.7301862532949315,False,False
"[3.18043026e+02 4.51385041e+02 1.85641392e+01 5.01058898e+00
 1.42000000e-02]","tensor([0., 1., 0., 0., 0.])",0.7625164451995872,False,False
"[3.18338774e+02 4.51475944e+02 1.84717803e+01 5.01910898e+00
 1.42000000e-02]","tensor([0., 1., 0., 0., 0.])",0.794643224451395,False,False
"[3.18695824e+02 4.51589027e+02 2.23599804e+01 5.02762898e+00
 1.42000000e-02]","tensor([0., 1., 0., 1., 0.])",0.8334823983447706,False,False
"[3.19050126e+02 4.51704570e+02 2.22487367e+01 5.03614898e+00
 1.42000000e-02]","tensor([0., 1., 0., 1., 0.])",0.8720797256663175,False,False
"[3.19401673e+02 4.51822538e+02 2.21380465e+01 5.04466898e+00
 1.42000000e-02]","tensor([0., 1., 0., 1., 0.])",0.9104323750912151,False,False
"[3.19750458e+02 4.51942895e+02 2.20279069e+01 5.05318898e+00
 1.42000000e-02]","tensor([0., 1., 0., 1., 0.])",0.9485375471739239,False,False
"[3.20096475e+02 4.52065605e+02 2.19183154e+01 5.06170898e+00
 1.42000000e-02]","tensor([0., 1., 0., 1., 0.])",0.986392475108385,False,False
"[3.20502359e+02 4.52213451e+02 2.57893685e+01 5.07022898e+00
 1.42000000e-02]","tensor([0., 1., 0., 1., 0.])",1.030862467939638,False,False
"[3.20904954e+02 4.52363998e+02 2.56610632e+01 5.07874898e+00
 1.42000000e-02]","tensor([0., 1., 0., 1., 0.])",1.0750415099591066,False,False
"[3.21304257e+02 4.52517203e+02 2.55333962e+01 5.08726898e+00
 1.42000000e-02]","tensor([0., 1., 0., 1., 0.])",1.1189259910396743,False,False
"[3.21700259e+02 4.52673025e+02 2.54063644e+01 5.09578898e+00
 1.42000000e-02]","tensor([0., 1., 0., 1., 0.])",1.162512339963648,False,False
"[3.22092956e+02 4.52831423e+02 2.52799646e+01 5.10430898e+00
 1.42000000e-02]","tensor([0., 1., 0., 1., 0.])",1.2057970255465627,False,False
"[3.22482342e+02 4.52992357e+02 2.51541936e+01 5.11282898e+00
 1.42000000e-02]","tensor([0., 1., 0., 1., 0.])",1.2487765577544607,False,False
"[3.22868413e+02 4.53155785e+02 2.50290484e+01 5.12134898e+00
 1.42000000e-02]","tensor([0., 1., 0., 1., 0.])",1.291447488813926,False,False
"[3.23251163e+02 4.53321667e+02 2.49045257e+01 5.12986898e+00
 1.42000000e-02]","tensor([0., 1., 0., 1., 0.])",1.333806414314079,False,False
"[3.23630589e+02 4.53489963e+02 2.47806226e+01 5.13838898e+00
 1.42000000e-02]","tensor([0., 1., 0., 1., 0.])",1.3758499742997685,False,False
"[3.24006687e+02 4.53660632e+02 2.46573359e+01 5.14690898e+00
 1.42000000e-02]","tensor([0., 1., 0., 1., 0.])",1.417574854355344,False,False
"[3.24379454e+02 4.53833634e+02 2.45346626e+01 5.15542898e+00
 1.42000000e-02]","tensor([0., 1., 0., 0., 0.])",1.458977786678048,False,False
"[3.24748885e+02 4.54008929e+02 2.44125996e+01 5.16394898e+00
 1.42000000e-02]","tensor([0., 1., 0., 0., 0.])",1.500055551140452,False,False
"[3.25114980e+02 4.54186478e+02 2.42911439e+01 5.17246898e+00
 1.42000000e-02]","tensor([0., 1., 0., 0., 0.])",1.5408049763411142,False,False
"[3.25477734e+02 4.54366241e+02 2.41702924e+01 5.18098898e+00
 1.42000000e-02]","tensor([0., 1., 0., 0., 0.])",1.5812229406427036,False,False
"[3.25837147e+02 4.54548177e+02 2.40500422e+01 5.18950898e+00
 1.42000000e-02]","tensor([0., 1., 0., 0., 0.])",1.6213063731968553,False,False
"[3.26193216e+02 4.54732250e+02 2.39303903e+01 5.19802898e+00
 1.42000000e-02]","tensor([0., 1., 0., 0., 0.])",1.6610522549549884,False,False
"[3.26545941e+02 4.54918418e+02 2.38113336e+01 5.20654898e+00
 1.42000000e-02]","tensor([0., 1., 0., 0., 0.])",1.7004576196643946,False,False
"[3.26895320e+02 4.55106643e+02 2.36928693e+01 5.21506898e+00
 1.42000000e-02]","tensor([0., 1., 0., 0., 0.])",1.7395195548487337,False,False
"[3.27241352e+02 4.55296887e+02 2.35749943e+01 5.22358898e+00
 1.42000000e-02]","tensor([0., 1., 0., 0., 0.])",1.7782352027723611,False,False
"[3.27584037e+02 4.55489112e+02 2.34577058e+01 5.23210898e+00
 1.42000000e-02]","tensor([0., 1., 0., 0., 0.])",1.8166017613875987,False,False
"[3.27923376e+02 4.55683278e+02 2.33410008e+01 5.24062898e+00
 1.42000000e-02]","tensor([0., 1., 0., 0., 0.])",1.8546164852643727,False,False
"[3.28259368e+02 4.55879348e+02 2.32248764e+01 5.24914898e+00
 1.42000000e-02]","tensor([0., 1., 0., 0., 0.])",1.8922766865013152,False,False
"[3.28592014e+02 4.56077283e+02 2.31093297e+01 5.25766898e+00
 1.42000000e-02]","tensor([0., 1., 0., 0., 0.])",1.9295797356178461,False,False
"[3.28921315e+02 4.56277047e+02 2.29943579e+01 5.26618898e+00
 1.42000000e-02]","tensor([0., 1., 0., 0., 0.])",1.9665230624263152,False,False
"[3.29247272e+02 4.56478602e+02 2.28799582e+01 5.27470898e+00
 1.42000000e-02]","tensor([0., 1., 0., 0., 0.])",2.0031041568836514,False,False
"[3.29569887e+02 4.56681909e+02 2.27661275e+01 5.28322898e+00
 1.42000000e-02]","tensor([0., 1., 0., 0., 0.])",2.0393205699217987,False,False
"[3.29889162e+02 4.56886933e+02 2.26528632e+01 5.29174898e+00
 1.42000000e-02]","tensor([0., 1., 0., 0., 0.])",2.075169914256314,False,False
"[3.30205099e+02 4.57093636e+02 2.25401624e+01 5.30026898e+00
 1.42000000e-02]","tensor([0., 1., 0., 0., 0.])",2.1106498651722987,False,False
"[3.30517701e+02 4.57301982e+02 2.24280223e+01 5.30878898e+00
 1.42000000e-02]","tensor([0., 1., 0., 0., 0.])",2.145758161287297,False,False
"[3.30826969e+02 4.57511933e+02 2.23164401e+01 5.31730898e+00
 1.42000000e-02]","tensor([0., 1., 0., 0., 0.])",2.1804926052903895,False,False
"[3.31132908e+02 4.57723454e+02 2.22054130e+01 5.32582898e+00
 1.42000000e-02]","tensor([0., 1., 0., 0., 0.])",2.214851064656685,False,False
"[3.31435521e+02 4.57936509e+02 2.20949383e+01 5.33434898e+00
 1.42000000e-02]","tensor([0., 1., 0., 0., 0.])",2.248831472337095,False,False
"[3.31734811e+02 4.58151062e+02 2.19850133e+01 5.34286898e+00
 1.42000000e-02]","tensor([0., 1., 0., 0., 0.])",2.2824318274222932,False,False
"[3.32030782e+02 4.58367077e+02 2.18756351e+01 5.35138898e+00
 1.42000000e-02]","tensor([0., 1., 0., 0., 0.])",2.3156501957806555,False,False
"[3.32323439e+02 4.58584518e+02 2.17668011e+01 5.35990898e+00
 1.42000000e-02]","tensor([0., 1., 0., 0., 0.])",2.34848471066946,False,False
"[3.32612786e+02 4.58803351e+02 2.16585085e+01 5.36842898e+00
 1.42000000e-02]","tensor([0., 1., 0., 0., 0.])",2.3809335733189485,False,False
"[3.32898827e+02 4.59023539e+02 2.15507548e+01 5.37694898e+00
 1.42000000e-02]","tensor([0., 1., 0., 0., 0.])",2.412995053488679,False,False
"[3.33181569e+02 4.59245050e+02 2.14435371e+01 5.38546898e+00
 1.42000000e-02]","tensor([0., 1., 0., 0., 0.])",2.444667489995659,False,False
"[3.33513143e+02 4.59509407e+02 2.53169523e+01 5.39398898e+00
 1.42000000e-02]","tensor([0., 1., 0., 1., 0.])",2.481784744097105,False,False
"[3.33840814e+02 4.59775250e+02 2.51909973e+01 5.40250898e+00
 1.42000000e-02]","tensor([0., 1., 0., 1., 0.])",2.518436803772616,False,False
"[3.34164590e+02 4.60042539e+02 2.50656690e+01 5.41102898e+00
 1.42000000e-02]","tensor([0., 1., 0., 1., 0.])",2.5546213481043765,False,False
"[3.34484477e+02 4.60311234e+02 2.49409642e+01 5.41954898e+00
 1.42000000e-02]","tensor([0., 1., 0., 1., 0.])",2.5903361482182135,False,False
"[3.34800483e+02 4.60581293e+02 2.48168798e+01 5.42806898e+00
 1.42000000e-02]","tensor([0., 1., 0., 1., 0.])",2.6255790681188387,False,False
"[3.35112616e+02 4.60852679e+02 2.46934127e+01 5.43658898e+00
 1.42000000e-02]","tensor([0., 1., 0., 1., 0.])",2.6603480654809317,False,False
"[3.35420885e+02 4.61125350e+02 2.45705599e+01 5.44510898e+00
 1.42000000e-02]","tensor([0., 1., 0., 1., 0.])",2.6946411923955793,False,False
"[3.35725296e+02 4.61399268e+02 2.44483183e+01 5.45362898e+00
 1.42000000e-02]","tensor([0., 1., 0., 1., 0.])",2.7284565960712825,False,False
"[3.36025861e+02 4.61674395e+02 2.43266849e+01 5.46214898e+00
 1.42000000e-02]","tensor([0., 1., 0., 1., 0.])",2.761792519488722,False,False
"[3.36322587e+02 4.61950690e+02 2.42056566e+01 5.47066898e+00
 1.42000000e-02]","tensor([0., 1., 0., 1., 0.])",2.79464730200867,False,False
"[3.36615483e+02 4.62228117e+02 2.40852304e+01 5.47918898e+00
 1.42000000e-02]","tensor([0., 1., 0., 1., 0.])",2.8270193799323806,False,False
"[3.36904560e+02 4.62506636e+02 2.39654034e+01 5.48770898e+00
 1.42000000e-02]","tensor([0., 1., 0., 1., 0.])",2.8589072870140058,False,False
"[3.37189827e+02 4.62786211e+02 2.38461726e+01 5.49622898e+00
 1.42000000e-02]","tensor([0., 1., 0., 1., 0.])",2.890309654924266,False,False
"[3.37471294e+02 4.63066802e+02 2.37275349e+01 5.50474898e+00
 1.42000000e-02]","tensor([0., 1., 0., 1., 0.])",2.9212252136651244,False,False
"[3.37748972e+02 4.63348374e+02 2.36094875e+01 5.51326898e+00
 1.42000000e-02]","tensor([0., 1., 0., 1., 0.])",2.9516527919349045,False,False
"[3.38022872e+02 4.63630889e+02 2.34920273e+01 5.52178898e+00
 1.42000000e-02]","tensor([0., 1., 0., 0., 0.])",2.9815913174435167,False,False
"[3.38293004e+02 4.63914309e+02 2.33751516e+01 5.53030898e+00
 1.42000000e-02]","tensor([0., 1., 0., 0., 0.])",3.0110398171773483,False,False
"[3.38559380e+02 4.64198600e+02 2.32588573e+01 5.53882898e+00
 1.42000000e-02]","tensor([0., 1., 0., 0., 0.])",3.0399974176137903,False,False
"[3.38822010e+02 4.64483724e+02 2.31431416e+01 5.54734898e+00
 1.42000000e-02]","tensor([0., 1., 0., 0., 0.])",3.068463344884833,False,False
"[3.39080908e+02 4.64769646e+02 2.30280016e+01 5.55586898e+00
 1.42000000e-02]","tensor([0., 1., 0., 0., 0.])",3.0964369248898436,False,False
"[3.39336084e+02 4.65056330e+02 2.29134344e+01 5.56438898e+00
 1.42000000e-02]","tensor([0., 1., 0., 0., 0.])",3.123917583357283,False,False
"[3.39587551e+02 4.65343740e+02 2.27994372e+01 5.57290898e+00
 1.42000000e-02]","tensor([0., 1., 0., 0., 0.])",3.1509048458552087,False,False
"[3.39835321e+02 4.65631842e+02 2.26860072e+01 5.58142898e+00
 1.42000000e-02]","tensor([0., 1., 0., 0., 0.])",3.177398337750816,False,False
"[3.40079408e+02 4.65920601e+02 2.25731415e+01 5.58994898e+00
 1.42000000e-02]","tensor([0., 1., 0., 0., 0.])",3.203397784118579,False,False
"[3.40319823e+02 4.66209982e+02 2.24608373e+01 5.59846898e+00
 1.42000000e-02]","tensor([0., 1., 0., 0., 0.])",3.2289030095978717,False,False
"[3.40556580e+02 4.66499951e+02 2.23490918e+01 5.60698898e+00
 1.42000000e-02]","tensor([0., 1., 0., 0., 0.])",3.2539139381992186,False,False
"[3.40789693e+02 4.66790473e+02 2.22379023e+01 5.61550898e+00
 1.42000000e-02]","tensor([0., 1., 0., 0., 0.])",3.2784305930601363,False,False
"[3.41019174e+02 4.67081517e+02 2.21272660e+01 5.62402898e+00
 1.42000000e-02]","tensor([0., 1., 0., 0., 0.])",3.3024530961508276,False,False
"[3.41245038e+02 4.67373047e+02 2.20171801e+01 5.63254898e+00
 1.42000000e-02]","tensor([0., 1., 0., 0., 0.])",3.325981667929142,False,False
"[3.41467299e+02 4.67665031e+02 2.19076419e+01 5.64106898e+00
 1.42000000e-02]","tensor([0., 1., 0., 0., 0.])",3.349016626946593,False,False
"[3.41685971e+02 4.67957436e+02 2.17986486e+01 5.64958898e+00
 1.42000000e-02]","tensor([0., 1., 0., 0., 0.])",3.3715583894044414,False,False
"[3.41901068e+02 4.68250229e+02 2.16901976e+01 5.65810898e+00
 1.42000000e-02]","tensor([0., 1., 0., 0., 0.])",3.393607468661287,False,False
"[3.42112605e+02 4.68543379e+02 2.15822862e+01 5.66662898e+00
 1.42000000e-02]","tensor([0., 1., 0., 0., 0.])",3.415164474692176,False,False
"[3.42320596e+02 4.68836853e+02 2.14749116e+01 5.67514898e+00
 1.42000000e-02]","tensor([0., 1., 0., 0., 0.])",3.4362301135000735,False,False
"[3.42525058e+02 4.69130619e+02 2.13680713e+01 5.68366898e+00
 1.42000000e-02]","tensor([0., 1., 0., 0., 0.])",3.456805186480125,False,False
"[3.42726004e+02 4.69424647e+02 2.12617625e+01 5.69218898e+00
 1.42000000e-02]","tensor([0., 1., 0., 0., 0.])",3.476890589737394,False,False
"[3.42923451e+02 4.69718905e+02 2.11559826e+01 5.70070898e+00
 1.42000000e-02]","tensor([0., 1., 0., 0., 0.])",3.4964873133588696,False,False
"[3.43117414e+02 4.70013362e+02 2.10507289e+01 5.70922898e+00
 1.42000000e-02]","tensor([0., 1., 0., 0., 0.])",3.515596440640678,False,False
"[3.43307909e+02 4.70307988e+02 2.09459989e+01 5.71774898e+00
 1.42000000e-02]","tensor([0., 1., 0., 0., 0.])",3.534219147270619,False,False
"[3.43494951e+02 4.70602752e+02 2.08417900e+01 5.72626898e+00
 1.42000000e-02]","tensor([0., 1., 0., 0., 0.])",3.552356700467783,False,False
"[3.43678557e+02 4.70897625e+02 2.07380995e+01 5.73478898e+00
 1.42000000e-02]","tensor([0., 1., 0., 0., 0.])",3.5700104580795653,False,False
"[3.43858743e+02 4.71192576e+02 2.06349248e+01 5.74330898e+00
 1.42000000e-02]","tensor([0., 1., 0., 0., 0.])",3.5871818676369003,False,False
"[3.44035526e+02 4.71487578e+02 2.05322635e+01 5.75182898e+00
 1.42000000e-02]","tensor([0., 1., 0., 0., 0.])",3.6038724653691645,False,False
"[3.44208922e+02 4.71782599e+02 2.04301130e+01 5.76034898e+00
 1.42000000e-02]","tensor([0., 1., 0., 0., 0.])",3.6200838751795175,False,False
"[3.44378948e+02 4.72077612e+02 2.03284706e+01 5.76886898e+00
 1.42000000e-02]","tensor([0., 1., 0., 0., 0.])",3.635817807581418,False,False
"[3.44545621e+02 4.72372588e+02 2.02273339e+01 5.77738898e+00
 1.42000000e-02]","tensor([0., 1., 0., 0., 0.])",3.6510760585979085,False,False
"[3.44708958e+02 4.72667499e+02 2.01267004e+01 5.78590898e+00
 1.42000000e-02]","tensor([0., 1., 0., 0., 0.])",3.6658605086243767,False,False
"[3.44868977e+02 4.72962316e+02 2.00265676e+01 5.79442898e+00
 1.42000000e-02]","tensor([0., 1., 0., 0., 0.])",3.680173121256132,False,False
"[3.45025694e+02 4.73257013e+02 1.99269329e+01 5.80294898e+00
 1.42000000e-02]","tensor([0., 1., 0., 0., 0.])",3.6940159420819043,False,False
"[3.45179128e+02 4.73551562e+02 1.98277940e+01 5.81146898e+00
 1.42000000e-02]","tensor([0., 1., 0., 0., 0.])",3.7073910974442867,False,False
"[3.45329295e+02 4.73845935e+02 1.97291482e+01 5.81998898e+00
 1.42000000e-02]","tensor([0., 1., 0., 0., 0.])",3.7203007931686045,False,False
"[3.45476215e+02 4.74140106e+02 1.96309933e+01 5.82850898e+00
 1.42000000e-02]","tensor([0., 1., 0., 0., 0.])",3.7327473132613704,False,False
"[3.45619905e+02 4.74434049e+02 1.95333266e+01 5.83702898e+00
 1.42000000e-02]","tensor([0., 1., 0., 0., 0.])",3.744733018579268,False,False
"[3.45760382e+02 4.74727736e+02 1.94361459e+01 5.84554898e+00
 1.42000000e-02]","tensor([0., 1., 0., 0., 0.])",3.7562603454705084,False,False
"[3.45897666e+02 4.75021143e+02 1.93394487e+01 5.85406898e+00
 1.42000000e-02]","tensor([0., 1., 0., 0., 0.])",3.7673318043891015,False,False
"[3.46031775e+02 4.75314243e+02 1.92432325e+01 5.86258898e+00
 1.42000000e-02]","tensor([0., 1., 0., 0., 0.])",3.7779499784843154,False,False
"[3.46162727e+02 4.75607011e+02 1.91474950e+01 5.87110898e+00
 1.42000000e-02]","tensor([0., 1., 0., 0., 0.])",3.788117522165493,False,False
"[3.46290540e+02 4.75899423e+02 1.90522338e+01 5.87962898e+00
 1.42000000e-02]","tensor([0., 1., 0., 0., 0.])",3.7978371596444163,False,False
"[3.46415234e+02 4.76191452e+02 1.89574466e+01 5.88814898e+00
 1.42000000e-02]","tensor([0., 1., 0., 0., 0.])",3.8071116834563554,False,False
"[3.46536828e+02 4.76483076e+02 1.88631310e+01 5.89666898e+00
 1.42000000e-02]","tensor([0., 1., 0., 0., 0.])",3.815943952960879,False,False
"[3.46655340e+02 4.76774268e+02 1.87692845e+01 5.90518898e+00
 1.42000000e-02]","tensor([0., 1., 0., 0., 0.])",-50,False,True
